Occurrence Date,Department,Municipality,Lat,Long,Confidence ratio (km),Deaths,Trigger,Source,Rain Yesterday,Rain Today,Landslide
2010-01-10,BOGOTA,BOGOTA,4.63,-74.11,11.6,1,Unknown,HEB,0.0,0.0,1
2010-02-25,CUNDINAMARCA,VILLETA,5.01,-74.49,6.7,1,Rainfall,UNGRD,2.2,9.7,1
2010-04-10,TOLIMA,HERVEO,5.11,-75.19,1.52,1,Unknown,UNGRD,4.9,18.0,1
2010-04-10,VALLE DEL CAUCA,CALI,3.4,-76.58,13.44,1,Unknown,UNGRD,10.1,23.1,1
2010-04-29,BOGOTA,BOGOTA,4.63,-74.11,11.6,1,Unknown,UNGRD,4.4,16.3,1
2010-05-03,ANTIOQUIA,SEGOVIA,7.27,-74.62,18.87,2,Unknown,DESINVENTAR,5.7,21.7,1
2010-05-04,SANTANDER,BUCARAMANGA,7.16,-73.11,6.99,1,Unknown,UNGRD,26.3,8.2,1
2010-05-10,NORTE DE SANTANDER,CUCUTILLA,7.5,-72.8,10.84,1,Rainfall,UNGRD,0.9,7.9,1
2010-05-13,SANTANDER,PUERTO WILCHES,7.4,-73.84,21.86,2,Rainfall,UNGRD,4.1,2.9,1
2010-05-23,SANTANDER,CHIMA,6.36,-73.4,7.41,1,Unknown,UNGRD,11.9,5.9,1
2010-06-03,ANTIOQUIA,SEGOVIA,7.08,-74.7,0.5,2,Unknown,UNGRD,33.8,4.3,1
2010-06-07,HUILA,COLOMBIA,3.26,-74.79,22.46,2,Rainfall,UNGRD,1.3,0.1,1
2010-06-23,BOYACA,MONGUA,5.71,-72.69,10.71,1,Unknown,UNGRD,4.7,17.1,1
2010-06-24,ANTIOQUIA,VALDIVIA,7.26,-75.4,13.43,1,Unknown,UNGRD,7.8,3.4,1
2010-06-25,META,VILLAVICENCIO,4.09,-73.49,20.43,1,Unknown,UNGRD,3.0,8.4,1
2010-07-08,CUNDINAMARCA,SOACHA,4.58,-74.24,7.73,1,Unknown,UNGRD,13.6,11.4,1
2010-07-14,BOLIVAR,CARTAGENA,10.44,-75.46,13.88,3,Rainfall,UNGRD,19.3,47.3,1
2010-07-16,BOYACA,OTANCHE,5.75,-74.2,12.3,1,Rainfall,UNGRD,15.1,10.8,1
2010-07-17,SANTANDER,BARICHARA,6.65,-73.21,6.62,2,Unknown,UNGRD,8.4,9.4,1
2010-08-03,NORTE DE SANTANDER,TEORAMA,8.76,-73.16,17.17,1,Rainfall,UNGRD,3.3,1.4,1
2010-08-11,ANTIOQUIA,BRICEÑO,7.11,-75.56,10.98,1,Unknown,UNGRD,3.8,9.5,1
2010-08-13,ANTIOQUIA,LA UNION (A),5.94,-75.35,7.41,2,Unknown,UNGRD,0.0,4.1,1
2010-08-17,TOLIMA,IBAGUE,4.44,-75.22,2.5,1,Unknown,UNGRD,0.7,0.4,1
2010-08-18,TOLIMA,CAJAMARCA,4.41,-75.5,12.73,1,Unknown,UNGRD,0.8,3.0,1
2010-08-20,SANTANDER,BUCARAMANGA,7.16,-73.11,6.99,1,Rainfall,DESINVENTAR,38.7,6.2,1
2010-09-13,MAGDALENA,CIENAGA,10.86,-74.02,20.54,2,Rainfall,UNGRD,6.0,0.7,1
2010-09-27,CALDAS,ANSERMA,5.2,-75.75,8.15,4,Unknown,UNGRD,6.1,4.0,1
2010-09-27,ANTIOQUIA,GIRALDO,6.65,-75.96,6.33,9,Unknown,UNGRD,17.0,30.7,1
2010-10-01,SANTANDER,MACARAVITA,6.51,-72.59,5.76,1,Unknown,UNGRD,2.1,11.1,1
2010-10-03,NORTE DE SANTANDER,BUCARASICA,8.08,-72.93,9.27,3,Unknown,UNGRD,2.8,4.5,1
2010-10-07,BOYACA,SAN PABLO DE BORBUR,5.68,-74.11,7.89,3,Unknown,UNGRD,4.4,7.7,1
2010-10-12,BOYACA,TASCO,5.88,-72.73,8.18,3,Unknown,DESINVENTAR,2.6,1.7,1
2010-10-14,CALDAS,MANIZALES,5.07,-75.49,11.0,1,Unknown,UNGRD,0.0,0.0,1
2010-10-28,ANTIOQUIA,NARIÑO (A),5.61,-75.25,2.29,1,Unknown,UNGRD,10.5,0.4,1
2010-11-01,SANTANDER,BETULIA (S),7.03,-73.38,11.7,3,Unknown,UNGRD,0.3,0.8,1
2010-11-01,CALDAS,MARMATO,5.49,-75.6,3.4,1,Unknown,UNGRD,24.2,32.2,1
2010-11-07,BOYACA,OTANCHE,5.75,-74.2,12.3,6,Rainfall,DESINVENTAR,17.8,2.8,1
2010-11-07,SANTANDER,BARRANCABERMEJA,7.06,-73.78,20.69,1,Rainfall,UNGRD,23.0,3.9,1
2010-11-08,NORTE DE SANTANDER,CUCUTA,8.11,-72.49,19.01,2,Unknown,UNGRD,0.7,1.4,1
2010-11-09,ANTIOQUIA,SONSON,5.74,-75.38,1.34,3,Unknown,UNGRD,19.0,18.6,1
2010-11-10,NORTE DE SANTANDER,SALAZAR DE LAS PALMAS,7.77,-72.87,12.53,1,Rainfall,UNGRD,9.1,6.1,1
2010-11-11,BOYACA,FIRAVITOBA,5.67,-73.02,5.91,3,Unknown,UNGRD,20.4,6.8,1
2010-11-11,ANTIOQUIA,MEDELLIN,6.23,-75.54,0.5,1,Unknown,UNGRD,0.9,10.7,1
2010-11-14,RISARALDA,QUINCHIA,5.32,-75.71,6.67,4,Unknown,UNGRD,8.2,9.6,1
2010-11-14,ANTIOQUIA,MEDELLIN,6.25,-75.58,6.5,4,Rainfall,UNGRD,87.4,11.0,1
2010-11-14,CAUCA,MERCADERES,1.74,-77.28,2.21,2,Unknown,UNGRD,9.2,9.5,1
2010-11-15,RISARALDA,SANTA ROSA DE CABAL,4.83,-75.55,13.19,1,Unknown,UNGRD,7.4,4.0,1
2010-11-16,CALDAS,MARQUETALIA,5.31,-75.04,5.36,2,Unknown,UNGRD,5.0,18.1,1
2010-11-16,BOGOTA,BOGOTA,4.63,-74.11,11.6,4,Rainfall,UNGRD,3.7,12.1,1
2010-11-17,CUNDINAMARCA,TOCAIMA,4.45,-74.65,8.88,1,Unknown,UNGRD,12.1,4.2,1
2010-11-17,NARIÑO,SAN PEDRO DE CARTAGO,1.54,-77.1,4.18,1,Unknown,UNGRD,8.7,5.9,1
2010-11-19,NARIÑO,CUMBITARA,1.73,-77.59,10.64,1,Unknown,UNGRD,7.7,4.6,1
2010-11-20,CALDAS,MARULANDA,5.17,-75.2,0.91,2,Unknown,UNGRD,4.9,4.3,1
2010-11-21,ANTIOQUIA,ANDES,5.61,-75.94,11.41,4,Rainfall,UNGRD,2.9,21.8,1
2010-11-21,ANTIOQUIA,LA ESTRELLA,6.14,-75.65,3.45,1,Unknown,UNGRD,33.1,0.3,1
2010-11-22,CALDAS,PENSILVANIA,5.39,-75.11,0.76,5,Rainfall,UNGRD,3.1,4.9,1
2010-11-24,CALDAS,AGUADAS,5.63,-75.49,1.06,2,Unknown,UNGRD,0.6,20.5,1
2010-11-24,RISARALDA,LA CELIA,4.99,-76.01,5.42,1,Unknown,UNGRD,4.0,5.3,1
2010-11-25,NARIÑO,LA UNION (N),1.62,-77.14,6.73,1,Unknown,UNGRD,9.1,24.2,1
2010-11-27,CAUCA,SUAREZ,2.95,-76.69,0.25,1,Unknown,UNGRD,10.0,14.0,1
2010-11-28,NARIÑO,SAMANIEGO,1.43,-77.69,13.87,1,Unknown,UNGRD,13.6,10.8,1
2010-11-29,CAUCA,EL TAMBO (C),2.72,-76.93,8.61,1,Unknown,UNGRD,9.7,5.3,1
2010-12-01,CUNDINAMARCA,SAN JUAN DE RIO SECO,4.81,-74.62,9.97,1,Unknown,UNGRD,2.7,7.2,1
2010-12-02,TOLIMA,CASABIANCA,5.02,-75.19,7.5,2,Unknown,UNGRD,3.9,15.3,1
2010-12-02,NORTE DE SANTANDER,CONVENCION,8.96,-73.18,17.26,1,Unknown,UNGRD,4.5,28.2,1
2010-12-02,RISARALDA,QUINCHIA,5.32,-75.71,6.67,1,Unknown,UNGRD,1.3,17.9,1
2010-12-02,NORTE DE SANTANDER,CACHIRA,7.69,-73.15,1.32,1,Unknown,UNGRD,11.2,14.4,1
2010-12-04,RISARALDA,SANTUARIO,5.08,-76.03,7.83,3,Rainfall,UNGRD,3.8,16.4,1
2010-12-04,VALLE DEL CAUCA,BUENAVENTURA,3.49,-77.12,44.71,1,Unknown,DESINVENTAR,12.2,5.6,1
2010-12-05,ANTIOQUIA,BELLO,6.36,-75.59,6.87,82,Rainfall,UNGRD,19.3,19.1,1
2010-12-09,CALDAS,SAMANA,5.41,-74.99,0.3,3,Unknown,UNGRD,4.4,6.7,1
2010-12-13,ANTIOQUIA,MONTEBELLO,5.92,-75.52,4.9,3,Unknown,UNGRD,8.9,13.5,1
2010-12-15,SANTANDER,RIONEGRO (S),7.47,-73.37,19.3,3,Rainfall,UNGRD,4.3,3.5,1
2010-12-15,CALDAS,RISARALDA,5.1,-75.73,5.34,2,Rainfall,UNGRD,3.6,5.5,1
2010-12-20,NORTE DE SANTANDER,CUCUTA,8.11,-72.49,19.01,1,Unknown,UNGRD,30.6,12.1,1
2010-12-23,NARIÑO,LA CRUZ,1.58,-76.92,8.72,13,Unknown,UNGRD,9.2,6.9,1
2010-12-27,NARIÑO,PASTO,1.21,-77.28,2.5,1,Unknown,UNGRD,3.2,2.6,1
2011-02-21,NARIÑO,CUMBITARA,1.73,-77.59,10.64,1,Unknown,UNGRD,14.7,7.2,1
2011-03-03,SANTANDER,CALIFORNIA,7.33,-72.95,3.78,3,Rainfall,UNGRD,9.7,3.3,1
2011-03-09,NORTE DE SANTANDER,LA ESPERANZA,7.7,-73.36,14.61,2,Unknown,UNGRD,0.0,7.8,1
2011-03-09,CALDAS,PACORA,5.5,-75.48,9.09,2,Rainfall,UNGRD,11.2,11.6,1
2011-03-09,BOYACA,JERICO (B),6.16,-72.59,6.48,1,Rainfall,UNGRD,2.4,11.2,1
2011-03-19,ANTIOQUIA,ARGELIA (A),5.71,-75.09,8.85,1,Unknown,UNGRD,5.0,18.1,1
2011-03-20,NARIÑO,SAN LORENZO,1.54,-77.22,8.9,2,Unknown,UNGRD,6.2,15.0,1
2011-03-23,NORTE DE SANTANDER,PAMPLONA,7.38,-72.68,9.76,1,Unknown,UNGRD,12.7,5.3,1
2011-04-05,NARIÑO,SANDONA,1.29,-77.46,5.68,2,Unknown,UNGRD,2.9,15.2,1
2011-04-10,ANTIOQUIA,ANDES,5.61,-75.94,11.41,2,Unknown,UNGRD,11.7,5.5,1
2011-04-10,ANTIOQUIA,MEDELLIN,6.25,-75.58,6.5,4,Unknown,UNGRD,29.1,38.0,1
2011-04-11,NARIÑO,EL TAMBO (N),1.43,-77.38,8.86,5,Unknown,UNGRD,16.7,8.1,1
2011-04-12,NARIÑO,RICAURTE (N),1.15,-78.06,18.33,3,Unknown,UNGRD,5.4,13.4,1
2011-04-12,CASANARE,YOPAL,5.24,-72.26,28.13,1,Unknown,UNGRD,24.6,43.4,1
2011-04-12,CALDAS,PACORA,5.5,-75.48,9.09,1,Unknown,UNGRD,28.9,26.8,1
2011-04-13,CALDAS,MANIZALES,5.07,-75.49,11.0,21,Rainfall,UNGRD,6.0,8.0,1
2011-04-13,SANTANDER,CHARTA,7.28,-72.98,6.34,1,Unknown,UNGRD,18.1,9.1,1
2011-04-13,SANTANDER,EL CARMEN DE CHUCURI,6.56,-73.67,1.44,1,Unknown,UNGRD,19.7,11.7,1
2011-04-14,ANTIOQUIA,SAN ROQUE,6.5,-75.04,1.65,4,Unknown,UNGRD,88.1,2.0,1
2011-04-15,SANTANDER,FLORIAN,5.8,-73.96,7.46,11,Rainfall,UNGRD,6.2,9.8,1
2011-04-15,RISARALDA,DOSQUEBRADAS,4.84,-75.67,4.74,1,Unknown,UNGRD,23.1,30.1,1
2011-04-16,CUNDINAMARCA,BOJACA,4.71,-74.34,5.72,1,Unknown,UNGRD,13.5,21.3,1
2011-04-21,CUNDINAMARCA,VILLAPINZON,5.23,-73.58,8.47,1,Unknown,UNGRD,9.1,18.7,1
2011-04-21,TOLIMA,PLANADAS,3.11,-75.65,1.79,1,Unknown,UNGRD,13.2,26.6,1
2011-04-22,ANTIOQUIA,BARBOSA (A),6.44,-75.33,8.1,2,Unknown,UNGRD,39.4,39.5,1
2011-04-23,BOYACA,CUCAITA,5.53,-73.45,3.67,1,Unknown,UNGRD,13.4,5.2,1
2011-04-27,ANTIOQUIA,MEDELLIN,6.25,-75.58,6.5,2,Unknown,UNGRD,14.3,18.6,1
2011-04-27,ANTIOQUIA,MEDELLIN,6.25,-75.58,6.5,1,Unknown,UNGRD,14.3,18.6,1
2011-04-30,HUILA,TIMANA,1.95,-75.92,7.7,1,Unknown,UNGRD,1.6,18.2,1
2011-05-03,CASANARE,YOPAL,5.24,-72.26,28.13,1,Unknown,UNGRD,34.5,9.3,1
2011-05-04,BOYACA,SAMACA,5.47,-73.52,7.38,2,Unknown,UNGRD,5.9,3.9,1
2011-05-16,SANTANDER,LEBRIJA,7.15,-73.3,1.5,2,Unknown,UNGRD,18.5,21.6,1
2011-05-17,RISARALDA,MISTRATO,5.41,-75.96,13.42,1,Unknown,UNGRD,1.4,0.4,1
2011-05-18,SANTANDER,SAN VICENTE DE CHUCURI,6.89,-73.54,18.7,11,Rainfall,UNGRD,5.3,0.2,1
2011-06-05,BOLIVAR,SANTA ROSA DEL SUR,7.77,-74.26,27.53,3,Unknown,UNGRD,2.7,6.0,1
2011-06-09,RISARALDA,PUEBLO RICO,5.35,-76.16,0.63,1,Rainfall,UNGRD,0.0,1.5,1
2011-06-15,SANTANDER,CHIMA,6.36,-73.4,7.41,1,Unknown,UNGRD,0.7,14.2,1
2011-06-24,SANTANDER,LEBRIJA,7.2,-73.29,13.24,2,Unknown,UNGRD,9.1,10.6,1
2011-06-24,SANTANDER,MATANZA,7.35,-73.05,8.67,1,Unknown,UNGRD,7.1,10.5,1
2011-06-24,SANTANDER,MACARAVITA,6.51,-72.59,5.76,1,Unknown,UNGRD,13.7,9.8,1
2011-07-06,RISARALDA,PUEBLO RICO,5.29,-76.07,13.97,1,Unknown,UNGRD,4.4,21.9,1
2011-07-14,ANTIOQUIA,SEGOVIA,7.08,-74.7,0.5,1,Unknown,UNGRD,18.2,11.3,1
2011-07-29,SANTANDER,BARRANCABERMEJA,7.06,-73.85,6.0,2,Unknown,UNGRD,42.7,44.7,1
2011-08-03,CUNDINAMARCA,VILLETA,5.01,-74.47,1.25,1,Human activity,UNGRD,2.4,2.1,1
2011-08-23,ANTIOQUIA,MONTEBELLO,5.92,-75.52,4.9,1,Unknown,UNGRD,13.0,9.8,1
2011-08-23,TOLIMA,CAJAMARCA,4.41,-75.5,12.73,1,Unknown,UNGRD,12.0,1.5,1
2011-08-29,ANTIOQUIA,BELLO,6.36,-75.59,6.87,1,Human activity,UNGRD,2.5,0.0,1
2011-09-04,NORTE DE SANTANDER,LABATECA,7.22,-72.48,9.02,1,Unknown,UNGRD,5.4,0.3,1
2011-09-13,CHOCO,ATRATO,5.56,-76.61,11.73,7,Unknown,DESINVENTAR,0.8,1.3,1
2011-09-22,CALDAS,LA DORADA,5.41,-74.72,13.32,1,Unknown,UNGRD,1.5,1.4,1
2011-09-27,ANTIOQUIA,ANGOSTURA,6.87,-75.36,10.24,6,Unknown,UNGRD,8.9,0.0,1
2011-10-01,ANTIOQUIA,TOLEDO (A),7.02,-75.71,6.22,2,Unknown,SIMMA,0.2,7.1,1
2011-10-06,NARIÑO,FUNES,0.96,-77.4,11.21,1,Unknown,UNGRD,8.2,7.2,1
2011-10-07,VALLE DEL CAUCA,BUENAVENTURA,3.49,-77.12,44.71,5,Rainfall,UNGRD,3.4,2.8,1
2011-10-07,NORTE DE SANTANDER,TOLEDO (NS),7.23,-72.31,21.7,1,Human activity,UNGRD,11.6,7.1,1
2011-10-07,NORTE DE SANTANDER,OCAÑA,8.39,-73.45,4.67,1,Unknown,UNGRD,11.0,3.2,1
2011-10-13,SANTANDER,EL PLAYON,7.52,-73.18,12.04,1,Unknown,UNGRD,14.0,3.6,1
2011-10-15,NORTE DE SANTANDER,LA ESPERANZA,7.64,-73.33,0.45,1,Unknown,UNGRD,18.5,31.6,1
2011-10-16,CHOCO,EL CARMEN DE ATRATO,5.81,-76.19,16.26,2,Unknown,UNGRD,18.2,25.6,1
2011-10-17,CESAR,PUEBLO BELLO,10.42,-73.61,15.41,1,Unknown,UNGRD,15.9,22.2,1
2011-10-19,BOLIVAR,CARTAGENA,10.44,-75.46,13.88,1,Unknown,UNGRD,75.9,17.1,1
2011-10-23,BOYACA,SOMONDOCO,4.97,-73.43,4.28,1,Unknown,UNGRD,5.2,15.5,1
2011-11-05,CALDAS,MANIZALES,5.06,-75.51,2.5,48,Rainfall,UNGRD,0.6,1.9,1
2011-11-05,QUINDIO,CALARCA,4.47,-75.66,8.35,4,Rainfall,UNGRD,0.5,1.7,1
2011-11-16,NORTE DE SANTANDER,TIBU,8.71,-72.8,29.19,1,Unknown,UNGRD,8.9,10.8,1
2011-11-20,CHOCO,TADO,5.27,-76.33,15.08,2,Unknown,UNGRD,9.2,6.1,1
2011-11-22,TOLIMA,HERVEO,5.07,-75.24,10.14,1,Unknown,UNGRD,8.8,4.5,1
2011-11-29,ANTIOQUIA,BARBOSA (A),6.44,-75.33,8.1,2,Unknown,UNGRD,17.5,4.2,1
2011-11-29,SANTANDER,RIONEGRO (S),7.29,-73.15,0.71,3,Rainfall,UNGRD,25.3,14.1,1
2011-11-30,RISARALDA,LA CELIA,4.99,-76.01,5.42,1,Unknown,UNGRD,2.6,2.0,1
2011-12-01,HUILA,GUADALUPE,1.98,-75.7,8.93,1,Unknown,DESINVENTAR,7.1,9.5,1
2011-12-05,TOLIMA,HERVEO,5.07,-75.24,10.14,7,Rainfall,UNGRD,10.9,13.7,1
2011-12-05,NARIÑO,EL ROSARIO,1.89,-77.48,12.87,1,Unknown,DESINVENTAR,5.7,3.0,1
2011-12-06,CAUCA,JAMBALO,2.85,-76.31,8.63,2,Unknown,UNGRD,13.5,8.7,1
2011-12-06,HUILA,TARQUI,2.11,-75.82,0.5,1,Unknown,UNGRD,17.4,19.6,1
2011-12-07,SANTANDER,TONA,7.17,-72.94,10.27,6,Rainfall,UNGRD,8.9,10.8,1
2011-12-07,CALDAS,NEIRA,5.18,-75.51,10.83,4,Unknown,DESINVENTAR,11.2,30.5,1
2011-12-07,NARIÑO,CONTADERO,0.93,-77.53,3.71,4,Unknown,DESINVENTAR,12.8,6.2,1
2011-12-07,NARIÑO,PASTO,1.08,-77.2,18.51,1,Unknown,UNGRD,12.8,6.2,1
2011-12-12,NARIÑO,LA CRUZ,1.58,-76.92,8.72,15,Rainfall,UNGRD,1.8,12.8,1
2011-12-12,HUILA,GUADALUPE,1.98,-75.7,8.93,1,Unknown,UNGRD,2.6,10.6,1
2011-12-13,SANTANDER,TONA,7.22,-72.99,2.91,1,Unknown,UNGRD,3.6,2.1,1
2011-12-16,CALDAS,RIOSUCIO (C),5.48,-75.71,0.76,9,Rainfall,UNGRD,22.8,10.9,1
2011-12-16,MAGDALENA,SANTA MARTA,11.12,-73.89,27.34,6,Rainfall,News report,2.0,3.1,1
2011-12-16,CALDAS,SAMANA,5.52,-75.0,15.52,5,Unknown,UNGRD,14.9,8.3,1
2011-12-16,HUILA,NEIVA,3.14,-75.56,2.48,1,Rainfall,UNGRD,8.3,21.6,1
2011-12-19,CAUCA,PURACE,2.27,-76.46,12.71,2,Unknown,UNGRD,5.7,6.5,1
2011-12-19,NARIÑO,TANGUA,1.06,-77.35,8.33,1,Unknown,DESINVENTAR,24.8,20.7,1
2011-12-30,CALDAS,SAMANA,5.52,-75.0,15.52,3,Rainfall,UNGRD,3.7,2.1,1
2012-01-16,CALDAS,MARQUETALIA,5.31,-75.04,5.36,1,Unknown,UNGRD,0.0,1.9,1
2012-01-20,CAUCA,TIMBIQUI,2.64,-77.59,0.25,1,Human activity,UNGRD,5.4,10.7,1
2012-01-25,CAUCA,PATIA,2.16,-77.05,15.51,3,Unknown,UNGRD,4.7,1.7,1
2012-01-25,HUILA,GARZON,2.17,-75.57,13.91,2,Rainfall,UNGRD,2.4,1.6,1
2012-02-08,CALDAS,MANZANARES,5.23,-75.15,7.96,2,Unknown,UNGRD,0.1,13.5,1
2012-02-08,VALLE DEL CAUCA,DAGUA,3.65,-76.72,17.11,1,Unknown,UNGRD,1.0,16.0,1
2012-02-28,CALDAS,PENSILVANIA,5.43,-75.19,1.51,2,Unknown,UNGRD,0.5,5.0,1
2012-02-28,CAUCA,SUCRE,2.06,-76.91,6.57,1,Human activity,UNGRD,8.8,11.7,1
2012-03-14,SANTANDER,BUCARAMANGA,7.16,-73.11,6.99,8,Human activity,News report,2.9,0.0,1
2012-03-20,QUINDIO,ARMENIA,4.5,-75.73,6.17,2,Human activity,UNGRD,24.0,2.7,1
2012-03-27,NARIÑO,CHACHAGUI,1.39,-77.27,6.82,1,Unknown,UNGRD,5.7,2.4,1
2012-04-12,ANTIOQUIA,GRANADA,6.12,-75.13,7.77,3,Unknown,UNGRD,43.3,28.9,1
2012-04-12,VALLE DEL CAUCA,OBANDO,4.6,-75.95,8.27,1,Unknown,UNGRD,3.0,15.9,1
2012-04-13,BOGOTA,BOGOTA,4.63,-74.11,11.6,1,Unknown,UNGRD,20.1,2.8,1
2012-04-15,NARIÑO,FUNES,0.96,-77.4,11.21,1,Unknown,UNGRD,4.0,3.5,1
2012-04-20,NARIÑO,IPIALES,0.5,-77.24,22.45,2,Unknown,UNGRD,6.0,4.0,1
2012-04-21,ANTIOQUIA,CAROLINA,6.76,-75.32,7.56,1,Unknown,UNGRD,0.6,21.5,1
2012-04-21,ANTIOQUIA,GOMEZ PLATA,6.71,-75.19,10.26,1,Unknown,UNGRD,0.6,21.5,1
2012-04-21,CAUCA,INZA,2.44,-76.17,19.62,2,Rainfall,UNGRD,36.9,14.8,1
2012-04-21,BOYACA,SORACA,5.5,-73.32,4.22,2,Rainfall,UNGRD,12.8,36.0,1
2012-04-21,TOLIMA,IBAGUE,4.48,-75.17,0.78,2,Unknown,UNGRD,1.3,11.5,1
2012-04-21,NARIÑO,ANCUYA,1.25,-77.53,4.68,1,Unknown,UNGRD,10.7,6.8,1
2012-04-23,CAQUETA,FLORENCIA,1.61,-75.6,1.5,4,Unknown,UNGRD,5.0,1.5,1
2012-04-27,TOLIMA,FRESNO,5.19,-75.05,8.34,1,Unknown,UNGRD,3.4,6.7,1
2012-04-28,ANTIOQUIA,VALDIVIA,7.26,-75.4,13.43,2,Unknown,UNGRD,22.6,13.4,1
2012-05-03,HUILA,ISNOS,1.94,-76.13,0.86,1,Rainfall,UNGRD,3.3,0.9,1
2012-05-12,ANTIOQUIA,LA PINTADA,5.75,-75.6,4.16,2,Unknown,UNGRD,0.9,10.0,1
2012-05-19,CUNDINAMARCA,YACOPI,5.46,-74.34,0.5,1,Unknown,UNGRD,5.3,5.7,1
2012-06-09,CUNDINAMARCA,UBALA,4.8,-73.48,9.86,1,Rainfall,UNGRD,5.8,18.7,1
2012-08-13,CASANARE,AGUAZUL,5.13,-72.55,21.45,1,Human activity,UNGRD,8.6,10.0,1
2012-09-17,BOGOTA,BOGOTA,4.63,-74.11,11.6,3,Unknown,HEB,0.0,6.4,1
2012-09-29,VALLE DEL CAUCA,BOLIVAR (V),4.39,-76.35,15.38,3,Unknown,UNGRD,0.1,0.1,1
2012-10-06,HUILA,ISNOS,1.95,-76.18,10.95,10,Rainfall,UNGRD,8.4,1.9,1
2012-11-05,ANTIOQUIA,SAN LUIS,6.09,-75.06,1.84,2,Rainfall,UNGRD,0.4,7.5,1
2012-11-14,VALLE DEL CAUCA,DAGUA,3.63,-76.72,3.2,4,Human activity,UNGRD,5.9,12.7,1
2012-11-22,RISARALDA,APIA,5.14,-75.95,6.88,2,Unknown,UNGRD,32.0,1.0,1
2012-12-20,RISARALDA,DOSQUEBRADAS,4.84,-75.67,4.74,2,Unknown,UNGRD,0.1,0.6,1
2012-12-25,SANTANDER,PIEDECUESTA,6.97,-73.02,12.41,1,Unknown,UNGRD,0.0,6.4,1
2012-12-29,HUILA,NEIVA,3.01,-75.28,19.53,5,Rainfall,UNGRD,0.0,0.0,1
2013-02-07,SANTANDER,BUCARAMANGA,7.16,-73.11,6.99,2,Unknown,UNGRD,7.6,4.4,1
2013-02-09,HUILA,NEIVA,3.01,-75.28,19.53,1,Unknown,UNGRD,22.1,11.3,1
2013-02-15,CALDAS,MANIZALES,5.06,-75.51,2.5,1,Human activity,UNGRD,4.0,0.7,1
2013-04-22,CHOCO,ISTMINA,5.16,-76.69,24.48,1,Human activity,SIMMA,4.3,10.7,1
2013-04-25,TOLIMA,ROVIRA,4.22,-75.35,15.34,1,Unknown,UNGRD,0.5,0.0,1
2013-05-17,CAUCA,POPAYAN,2.47,-76.59,12.36,2,Unknown,SIMMA,1.9,1.0,1
2013-05-17,HUILA,TESALIA,2.53,-75.68,11.06,1,Human activity,UNGRD,2.1,0.8,1
2013-06-11,HUILA,RIVERA (H),2.78,-75.21,10.13,2,Human activity,SIMMA,1.7,4.5,1
2013-06-13,VALLE DEL CAUCA,DAGUA,3.79,-76.66,2.99,1,Unknown,UNGRD,0.3,0.0,1
2013-06-15,BOLIVAR,MONTECRISTO,8.02,-74.46,25.82,1,Rainfall,UNGRD - SIMMA,3.9,4.1,1
2013-06-18,ANTIOQUIA,ALEJANDRIA,6.36,-75.09,6.5,1,Unknown,UNGRD,7.0,10.2,1
2013-06-23,HUILA,RIVERA (H),2.78,-75.21,10.13,6,Unknown,SIMMA,0.0,1.2,1
2013-06-23,ANTIOQUIA,ZARAGOZA,7.48,-74.86,19.35,5,Rainfall,SIMMA,2.6,7.0,1
2013-06-25,RISARALDA,PEREIRA,4.8,-75.8,13.91,1,Unknown,UNGRD,0.2,0.3,1
2013-07-08,HUILA,SUAZA,1.8,-75.81,0.93,4,Unknown,UNGRD - SIMMA,3.3,2.9,1
2013-07-18,HUILA,SUAZA,1.87,-75.81,11.7,4,Human activity,UNGRD - SIMMA,2.5,0.4,1
2013-07-25,HUILA,IQUIRA,2.69,-75.67,10.65,5,Rainfall,News report - SIMMA,0.0,0.8,1
2013-07-25,HUILA,IQUIRA,2.66,-75.71,0.99,5,Unknown,UNGRD,0.0,0.8,1
2013-07-29,ARAUCA,SARAVENA,6.91,-71.85,17.33,2,Unknown,News report,7.9,5.4,1
2013-08-01,CAUCA,GUAPI,2.41,-77.69,28.59,3,Rainfall,SIMMA,1.5,0.3,1
2013-08-13,ANTIOQUIA,MEDELLIN,6.26,-75.61,10.86,2,Rainfall,UNGRD,13.0,17.7,1
2013-09-12,BOYACA,QUIPAMA,5.6,-74.27,7.3,4,Human activity,News report - SIMMA,1.0,10.6,1
2013-10-04,CAUCA,CALOTO,3.06,-76.32,9.22,1,Unknown,SIMMA,1.3,0.0,1
2013-10-29,ANTIOQUIA,ANGELOPOLIS,6.12,-75.72,5.1,1,Rainfall,UNGRD,0.0,1.0,1
2013-11-07,CALDAS,MANIZALES,5.06,-75.51,2.5,1,Unknown,UNGRD,33.1,3.6,1
2013-11-15,ANTIOQUIA,SANTO DOMINGO,6.48,-75.14,9.18,5,Unknown,UNGRD,6.0,23.0,1
2013-11-28,CALDAS,MANIZALES,5.06,-75.51,2.5,3,Unknown,UNGRD,26.0,7.8,1
2013-11-29,QUINDIO,ARMENIA,4.5,-75.73,6.17,1,Unknown,UNGRD,7.8,17.8,1
2013-12-13,HUILA,NEIVA,3.04,-75.26,1.57,4,Unknown,UNGRD,1.5,0.2,1
2013-12-23,HUILA,ISNOS,1.94,-76.13,0.86,1,Unknown,UNGRD,10.3,4.1,1
2013-12-23,QUINDIO,GENOVA,4.18,-75.76,9.65,1,Unknown,UNGRD,5.0,61.0,1
2014-01-07,CAUCA,PATIA,2.16,-77.05,15.51,2,Unknown,SIMMA,14.5,11.3,1
2014-02-02,CAUCA,BALBOA (C),2.04,-77.22,0.45,5,Human activity,UNGRD - SIMMA,0.0,0.0,1
2014-02-14,NARIÑO,SANTA BARBARA (N),2.07,-77.71,19.55,6,Human activity,News report,5.8,4.3,1
2014-03-01,TOLIMA,MARIQUITA,5.24,-74.91,9.68,1,Unknown,UNGRD - SIMMA,11.4,24.8,1
2014-03-09,CALDAS,MANIZALES,5.06,-75.51,2.5,2,Unknown,SIMMA,7.1,4.5,1
2014-03-09,CAUCA,CALOTO,3.06,-76.32,9.22,1,Rainfall,UNGRD,2.9,3.1,1
2014-03-12,VALLE DEL CAUCA,CALI,3.44,-76.52,4.5,1,Unknown,SIMMA,0.0,0.0,1
2014-03-13,SANTANDER,BUCARAMANGA,7.16,-73.11,6.99,4,Unknown,UNGRD - SIMMA,1.1,0.7,1
2014-03-13,VALLE DEL CAUCA,PALMIRA,3.56,-76.23,17.88,2,Unknown,UNGRD,0.0,0.0,1
2014-03-13,HUILA,PALERMO,2.91,-75.44,16.79,1,Unknown,UNGRD,0.0,0.0,1
2014-03-26,CHOCO,QUIBDO,5.88,-76.41,33.43,2,Unknown,UNGRD,10.4,7.4,1
2014-03-27,TOLIMA,SANTA ISABEL,4.7,-75.11,9.27,1,Unknown,UNGRD,7.1,0.1,1
2014-04-24,ANTIOQUIA,ANORI,7.19,-75.11,21.2,1,Human activity,UNGRD - SIMMA,16.6,4.1,1
2014-04-30,CAUCA,SANTANDER DE QUILICHAO,2.98,-76.5,12.85,16,Human activity,News report,2.0,3.2,1
2014-05-08,NARIÑO,ILES,0.98,-77.52,5.06,4,Rainfall,UNGRD,16.0,35.0,1
2014-05-09,ANTIOQUIA,FRONTINO,6.69,-76.33,20.72,1,Unknown,UNGRD,34.2,13.0,1
2014-05-11,HUILA,SUAZA,1.94,-75.8,1.24,1,Unknown,UNGRD,8.0,19.7,1
2014-05-26,TOLIMA,HERVEO,5.07,-75.24,10.14,1,Unknown,UNGRD,0.0,2.0,1
2014-06-02,NARIÑO,ROBERTO PAYAN,2.09,-78.37,7.18,3,Human activity,UNGRD,3.0,2.3,1
2014-07-23,CAUCA,TIMBIQUI,2.64,-77.59,0.25,7,Human activity,UNGRD,0.0,0.0,1
2014-08-01,NARIÑO,BARBACOAS,1.45,-78.16,29.5,1,Human activity,UNGRD,0.0,0.0,1
2014-09-09,CALDAS,MARMATO,5.49,-75.6,3.4,1,Human activity,ANM,0.0,0.0,1
2014-09-17,CHOCO,ISTMINA,5.16,-76.69,0.5,3,Rainfall,UNGRD,7.2,18.2,1
2014-09-25,CUNDINAMARCA,GUADUAS,5.08,-74.71,2.95,4,Unknown,UNGRD,1.4,2.8,1
2014-10-07,MAGDALENA,FUNDACION,10.46,-73.88,17.57,6,Rainfall,News report - UNGRD,11.0,5.2,1
2014-10-28,TOLIMA,LIBANO,4.88,-75.05,9.52,1,Unknown,UNGRD,0.7,2.8,1
2014-10-30,ANTIOQUIA,BELLO,6.36,-75.59,6.87,1,Rainfall,UNGRD,3.2,2.6,1
2014-11-13,ANTIOQUIA,DON MATIAS,6.49,-75.42,8.02,2,Rainfall,UNGRD,14.8,3.2,1
2014-11-17,NORTE DE SANTANDER,SAN CALIXTO,8.48,-73.13,11.25,1,Human activity,UNGRD,0.0,0.0,1
2014-11-18,CALDAS,RIOSUCIO (C),5.44,-75.75,11.07,3,Unknown,UNGRD,13.2,6.3,1
2014-11-18,TOLIMA,PURIFICACION,3.92,-74.89,1.32,1,Unknown,UNGRD,1.3,9.2,1
2014-11-20,RISARALDA,QUINCHIA,5.32,-75.71,6.67,3,Unknown,SIMMA,3.8,1.4,1
2014-12-20,CAUCA,MERCADERES,2.04,-77.22,0.61,5,Rainfall,UNGRD,3.7,8.3,1
2014-12-20,CAUCA,BOLIVAR (C),1.85,-76.96,15.93,3,Rainfall,UNGRD,2.5,6.5,1
2015-01-08,QUINDIO,ARMENIA,4.5,-75.73,6.17,2,Unknown,UNGRD,0.0,0.0,1
2015-02-05,HUILA,PITALITO,1.85,-76.05,1.5,2,Human activity,UNGRD,2.0,3.5,1
2015-02-17,ANTIOQUIA,BURITICA,6.71,-75.91,0.98,1,Human activity,UNGRD,0.5,3.0,1
2015-02-23,ANTIOQUIA,YALI,6.72,-74.76,11.88,2,Human activity,UNGRD,0.0,0.0,1
2015-03-05,ATLANTICO,MALAMBO,10.85,-74.81,5.61,2,Human activity,News report - SIMMA,0.0,0.0,1
2015-03-09,CHOCO,NOVITA,4.96,-76.52,7.3,3,Human activity,UNGRD,1.1,4.0,1
2015-03-10,ANTIOQUIA,MEDELLIN,6.25,-75.58,6.5,1,Human activity?,UNGRD,0.0,0.0,1
2015-03-18,TOLIMA,ICONONZO,4.13,-74.54,8.3,1,Rainfall,UNGRD,9.5,9.2,1
2015-05-18,ANTIOQUIA,SALGAR,5.97,-75.98,9.63,95,Rainfall,UNGRD,1.0,11.1,1
2015-05-21,CUNDINAMARCA,UBALA,4.73,-73.49,1.49,1,Unknown,UNGRD,0.0,1.7,1
2015-05-23,CHOCO,MEDIO BAUDO,5.11,-77.0,20.92,1,Rainfall,UNGRD,2.3,7.8,1
2015-05-29,ANTIOQUIA,SEGOVIA,7.08,-74.7,0.5,1,Unknown,UNGRD,19.3,14.5,1
2015-06-14,BOYACA,VIRACACHA,5.45,-73.26,2.01,1,Human activity,UNGRD,36.2,6.3,1
2015-06-16,QUINDIO,ARMENIA,4.5,-75.73,6.17,1,Human activity,UNGRD,3.6,0.0,1
2015-06-25,BOYACA,UMBITA,5.22,-73.46,6.8,2,Unknown,UNGRD,2.2,3.6,1
2015-07-01,BOYACA,MACANAL,4.98,-73.29,7.96,1,Unknown,UNGRD,4.2,13.2,1
2015-07-08,NORTE DE SANTANDER,LABATECA,7.22,-72.48,9.02,1,Rainfall,UNGRD - SIMMA,2.4,0.0,1
2015-08-23,ANTIOQUIA,CIUDAD BOLIVAR,5.84,-76.01,9.09,1,Unknown,CDN_CB,0.5,10.0,1
2015-08-27,ANTIOQUIA,MEDELLIN,6.25,-75.58,6.5,1,Human activity,UNGRD - SIMMA,17.4,12.0,1
2015-09-12,CHOCO,ATRATO,5.48,-76.6,5.99,1,Human activity,UNGRD,8.6,0.7,1
2015-09-16,CAUCA,EL TAMBO (C),2.41,-76.69,1.38,1,Unknown,UNGRD,0.0,0.0,1
2015-10-13,HUILA,SAN AGUSTIN,1.92,-76.42,21.02,1,Unknown,UNGRD,4.4,13.0,1
2015-10-16,TOLIMA,MELGAR,4.19,-74.61,8.03,1,Unknown,UNGRD,2.2,3.6,1
2015-11-08,CAUCA,GUAPI,2.49,-77.58,11.13,3,Human activity,UNGRD,4.3,0.7,1
2015-11-12,ANTIOQUIA,AMAGA,6.03,-75.71,5.14,2,Unknown,UNGRD - SIMMA,1.3,0.3,1
2015-11-12,NORTE DE SANTANDER,BUCARASICA,8.08,-72.93,9.27,2,Human activity,UNGRD,0.0,0.0,1
2015-11-17,CAUCA,TIMBIQUI,2.7,-77.49,25.62,1,Human activity,UNGRD,0.4,3.5,1
2015-12-02,BOYACA,MONIQUIRA,5.86,-73.56,8.28,2,Human activity,UNGRD - SIMMA,1.3,0.0,1
2016-01-25,NARIÑO,CUMBAL,0.94,-77.96,17.07,9,Unknown,UNGRD - SIMMA,4.9,4.2,1
2016-01-25,CAUCA,TIMBIQUI,2.7,-77.49,25.62,1,Human activity,UNGRD,0.6,1.8,1
2016-02-06,CAUCA,EL TAMBO,2.46,-76.81,0.5,2,Human activity,UNGRD,0.7,0.0,1
2016-03-17,TOLIMA,SANTA ISABEL,4.7,-75.11,9.27,1,Human activity,UNGRD,6.0,2.6,1
2016-04-01,CAUCA,SANTANDER DE QUILICHAO,2.98,-76.5,12.85,4,Human activity,News report - UNGRD,2.9,10.2,1
2016-04-03,ANTIOQUIA,GUATAPE,6.24,-75.16,5.19,2,Unknown,UNGRD - SIMMA,5.4,0.4,1
2016-04-06,VALLE DEL CAUCA,CALI,3.44,-76.52,4.5,1,Human activity,UNGRD,5.7,1.2,1
2016-04-07,NARIÑO,IMUES,1.05,-77.5,0.25,1,Human activity,UNGRD,1.5,1.7,1
2016-04-12,RISARALDA,GUATICA,5.32,-75.8,5.66,1,Unknown,UNGRD - SIMMA,27.5,26.2,1
2016-04-14,CUNDINAMARCA,VIANI,4.91,-74.55,4.61,1,Rainfall,UNGRD,1.4,1.5,1
2016-04-23,CHOCO,TADO,5.27,-76.33,15.08,8,Rainfall,UNGRD - SIMMA,5.4,2.8,1
2016-04-28,META,VILLAVICENCIO,4.09,-73.49,20.43,1,Rainfall,UNGRD,50.7,28.6,1
2016-05-04,NARIÑO,CHACHAGUI,1.39,-77.27,6.82,1,Unknown,UNGRD,1.7,0.7,1
2016-05-18,SANTANDER,ONZAGA,6.34,-72.81,12.48,1,Rainfall,UNGRD,6.3,16.1,1
2016-06-09,CHOCO,QUIBDO,5.75,-76.41,0.1,13,Rainfall,UNGRD - SIMMA,1.7,22.7,1
2016-06-21,CUNDINAMARCA,GAMA,4.72,-73.6,5.84,1,Human activity,UNGRD,7.9,1.1,1
2016-06-23,NARIÑO,RICAURTE (N),1.15,-78.06,18.33,2,Rainfall,UNGRD,3.3,1.1,1
2016-07-02,HUILA,SUAZA,1.87,-75.81,11.7,2,Rainfall,UNGRD,5.2,0.5,1
2016-08-15,HUILA,PALERMO,2.92,-75.66,1.91,2,Human activity,UNGRD,0.1,0.0,1
2016-08-22,CHOCO,BAGADO,5.33,-75.89,0.65,3,Human activity,UNGRD,0.0,0.0,1
2016-08-26,ANTIOQUIA,MEDELLIN,6.25,-75.58,6.5,1,Human activity,UNGRD,0.0,21.0,1
2016-09-12,NORTE DE SANTANDER,LABATECA,7.22,-72.48,9.02,1,Unknown,UNGRD - News report,11.8,5.4,1
2016-09-24,CHOCO,TADO,5.27,-76.33,15.08,2,Human activity,UNGRD,5.2,5.4,1
2016-10-04,CAUCA,INZA,2.44,-76.17,19.62,1,Rainfall,UNGRD,1.5,6.9,1
2016-10-11,ANTIOQUIA,DABEIBA,7.08,-76.29,1.21,7,Rainfall,UNGRD,12.0,29.0,1
2016-10-12,CUNDINAMARCA,LA VEGA (CD),4.98,-74.34,7.02,2,Unknown,UNGRD,1.9,5.2,1
2016-10-12,CALDAS,FILADELFIA,5.29,-75.59,7.85,1,Unknown,UNGRD,8.6,8.4,1
2016-10-12,CAUCA,GUAPI,2.55,-77.87,1.9,2,Human activity,UNGRD,0.0,2.6,1
2016-10-26,ANTIOQUIA,COPACABANA,6.35,-75.5,4.67,15,Unknown,UNGRD,22.1,0.7,1
2016-11-08,CAUCA,EL TAMBO (C),2.53,-77.01,29.51,9,Unknown,UNGRD,17.0,8.0,1
2016-11-14,CHOCO,MEDIO ATRATO,6.06,-76.6,2.5,2,Human activity,UNGRD,15.4,53.2,1
2016-11-25,ANTIOQUIA,REMEDIOS,7.0,-74.56,25.2,1,Human activity,UNGRD,12.3,11.0,1
2016-11-28,CAUCA,PATIA,2.16,-77.05,15.51,2,Unknown,UNGRD,1.7,3.4,1
2016-12-01,VALLE DEL CAUCA,CALI,3.42,-76.56,0.5,6,Rainfall,UNGRD - SIMMA,0.0,0.0,1
2017-01-15,SANTANDER,SABANA DE TORRES,7.42,-73.46,2.04,2,Human activity,UNGRD,0.4,1.1,1
2017-01-18,CALDAS,NEIRA,5.18,-75.51,10.83,3,Unknown,UNGRD - SIMMA,10.1,15.9,1
2017-01-21,HUILA,OPORAPA,2.06,-76.04,7.01,1,Unknown,UNGRD - SIMMA,22.5,9.7,1
2017-01-21,NARIÑO,ILES,0.98,-77.52,5.06,1,Rainfall,UNGRD,30.8,11.8,1
2017-02-16,CAUCA,GUAPI,2.41,-77.69,28.59,2,Human activity,UNGRD,0.5,1.2,1
2017-02-21,CUNDINAMARCA,GACHETA,4.87,-73.62,9.11,3,Rainfall,UNGRD,0.0,3.8,1
2017-03-10,ANTIOQUIA,GIRALDO,6.65,-75.96,6.33,1,Unknown,UNGRD,5.0,15.7,1
2017-03-25,CUNDINAMARCA,TENA,4.67,-74.37,4.04,4,Rainfall,UNGRD,32.4,4.7,1
2017-03-26,NARIÑO,CHACHAGUI,1.39,-77.27,6.82,1,Rainfall,UNGRD,19.6,8.0,1
2017-03-29,SANTANDER,SAN JOAQUIN,6.46,-72.85,6.76,1,Rainfall,UNGRD,2.5,19.1,1
2017-03-30,HUILA,TERUEL,2.85,-75.76,12.23,4,Rainfall,UNGRD,14.6,13.3,1
2017-03-31,PUTUMAYO,MOCOA,1.16,-76.66,0.5,333,Rainfall,UNGRD,8.0,32.7,1
2017-03-31,ANTIOQUIA,LA CEJA,5.99,-75.43,6.56,1,Rainfall,UNGRD,25.5,29.3,1
2017-03-31,HUILA,SALADOBLANCO,2.03,-76.14,1.08,1,Unknown,UNGRD,9.6,20.3,1
2017-04-01,ANTIOQUIA,MEDELLIN,6.25,-75.58,6.5,1,Unknown,SIMMA,29.3,12.0,1
2017-04-10,RISARALDA,PEREIRA,4.8,-75.89,4.2,1,Human activity,UNGRD,35.0,0.8,1
2017-04-12,SANTANDER,BUCARAMANGA,7.16,-73.11,6.99,1,Human activity,News report,4.6,8.6,1
2017-04-12,RISARALDA,PEREIRA,4.82,-75.7,6.5,1,Human activity,UNGRD,0.5,5.5,1
2017-04-19,CALDAS,MANIZALES,5.06,-75.51,2.5,17,Unknown,UNGRD,0.9,51.0,1
2017-04-20,CHOCO,BAGADO,5.5,-76.2,16.03,2,Rainfall,UNGRD - SIMMA,29.4,15.2,1
2017-05-02,ANTIOQUIA,COCORNA,6.02,-75.17,8.45,3,Rainfall,UNGRD,4.2,6.0,1
2017-05-03,NORTE DE SANTANDER,PAMPLONA,7.38,-72.65,0.75,1,Unknown,UNGRD - SIMMA,0.5,11.3,1
2017-05-04,CAUCA,TIMBIQUI,2.7,-77.49,24.02,1,Human activity,UNGRD,3.0,4.1,1
2017-05-10,NORTE DE SANTANDER,TEORAMA,8.64,-73.18,1.44,2,Rainfall,UNGRD,1.8,2.7,1
2017-05-11,ANTIOQUIA,VALDIVIA,7.26,-75.4,13.43,2,Unknown,News report,20.8,6.7,1
2017-05-12,RISARALDA,QUINCHIA,5.32,-75.71,6.67,1,Unknown,UNGRD,9.4,3.4,1
2017-05-16,CUNDINAMARCA,SOACHA,4.58,-74.24,7.73,4,Unknown,UNGRD,21.2,8.2,1
2017-05-16,CUNDINAMARCA,GUADUAS,5.21,-74.71,2.34,1,Unknown,UNGRD,16.4,27.5,1
2017-06-08,ANTIOQUIA,ITUANGO,7.26,-75.85,1.78,1,Human activity,UNGRD,10.5,11.9,1
2017-06-11,ANTIOQUIA,AMALFI,7.13,-75.01,2.54,1,Human activity,UNGRD,2.5,15.3,1
2017-06-12,CAUCA,GUAPI,2.41,-77.69,28.59,3,Human activity,News Report - UNGRD,13.4,24.4,1
2017-06-30,CALDAS,MANIZALES,5.06,-75.51,2.5,1,Human activity,UNGRD,0.7,4.0,1
2017-07-27,HUILA,TIMANA,1.95,-75.92,7.7,1,Human activity,UNGRD,0.0,1.7,1
2017-08-03,CORDOBA,AYAPEL,8.26,-75.05,24.81,1,Human activity,News report,0.0,1.0,1
2017-08-20,NARIÑO,TUQUERRES,1.13,-77.63,8.31,2,Unknown,UNGRD,7.7,2.2,1
2017-08-21,CAUCA,TIMBIQUI,2.85,-77.25,0.5,1,Human activity,UNGRD,1.8,3.4,1
2017-09-05,CESAR,CHIMICHAGUA,9.28,-73.85,20.97,1,Unknown,News report,0.0,0.2,1
2017-09-28,CAQUETA,FLORENCIA,1.61,-75.6,1.5,1,Rainfall,UNGRD,4.2,10.4,1
2017-10-03,ANTIOQUIA,SONSON,5.7,-75.23,20.7,1,Unknown,UNGRD,14.6,12.3,1
2017-10-06,CHOCO,TADO,5.27,-76.33,15.08,6,Human activity,UNGRD,11.6,3.5,1
2017-11-01,CAUCA,INZA,2.44,-76.17,19.62,1,Unknown,UNGRD,0.1,1.6,1
2017-11-02,CALDAS,SAMANA,5.44,-75.01,2.75,2,Rainfall,SIMMA,3.1,12.7,1
2017-11-07,CAUCA,CORINTO,3.17,-76.26,0.5,6,Rainfall,UNGRD,0.0,5.9,1
2017-11-09,ANTIOQUIA,SAN JERONIMO,6.44,-75.7,7.24,1,Unknown,UNGRD,0.1,3.0,1
2017-11-15,CAUCA,LA VEGA (C),2.12,-76.78,0.81,1,Unknown,UNGRD,4.1,3.9,1
2017-12-02,CAUCA,ROSAS,2.22,-76.7,0.5,1,Rainfall,UNGRD,20.4,10.1,1
2017-12-16,CORDOBA,TIERRALTA,7.81,-76.17,39.57,1,Human activity,UNGRD,0.0,0.0,1
2018-01-20,NARIÑO,MALLAMA,1.16,-77.85,13.46,13,Unknown,UNGRD,5.2,4.2,1
2018-01-30,CUNDINAMARCA,ZIPAQUIRA,5.07,-74.05,7.85,1,Human activity,UNGRD,0.0,0.0,1
2018-01-30,CUNDINAMARCA,TOCANCIPA,4.97,-73.93,4.87,1,Human activity,News report,0.0,0.0,1
2018-02-07,HUILA,TESALIA,2.53,-75.68,11.06,1,Unknown,UNGRD,0.0,0.3,1
2018-02-16,SANTANDER,SIMACOTA,6.5,-73.36,1.25,1,Unknown,UNGRD,0.0,0.0,1
2018-02-22,RISARALDA,PUEBLO RICO,5.36,-76.12,0.87,1,Human activity,UNGRD,31.8,14.9,1
2018-03-31,CAUCA,CORINTO,3.14,-76.21,10.19,1,Unknown,UNGRD,7.5,11.0,1
2018-04-02,HUILA,TIMANA,1.95,-75.92,7.7,1,Unknown,UNGRD,10.7,7.8,1
2018-04-03,ANTIOQUIA,MEDELLIN,6.26,-75.61,10.86,2,Human activity,News report,6.8,0.1,1
2018-04-04,NARIÑO,IPIALES,0.5,-77.24,22.45,1,Unknown,UNGRD,5.4,14.0,1
2018-04-06,TOLIMA,CAJAMARCA,4.43,-75.4,1.03,1,Human activity,UNGRD,2.2,5.3,1
2018-04-07,CALDAS,MANIZALES,5.07,-75.49,11.0,1,Human activity,UNGRD,5.3,0.0,1
2018-04-14,ANTIOQUIA,CONCORDIA,6.05,-75.9,8.74,1,Rainfall,UNGRD,19.0,2.0,1
2018-04-14,VALLE DEL CAUCA,TULUA,4.04,-75.99,5.88,1,Unknown,News report,13.1,21.2,1
2018-04-19,ANTIOQUIA,ANORI,7.22,-75.27,2.92,5,Human activity,UNGRD,1.2,0.0,1
2018-04-20,CESAR,LA PAZ,10.25,-73.08,18.47,1,Human activity,UNGRD,0.0,0.0,1
2018-04-20,CESAR,SAN DIEGO,10.17,-73.29,14.37,1,Human activity,UNGRD,0.0,0.0,1
2018-05-05,CUNDINAMARCA,SUPATA,5.06,-74.23,6.44,2,Unknown,UNGRD,5.8,14.6,1
2018-05-07,SANTANDER,FLORIDABLANCA,7.08,-73.07,5.61,2,Unknown,UNGRD,19.5,12.5,1
2018-05-11,ANTIOQUIA,SANTA BARBARA (A),5.89,-75.59,8.17,1,Unknown,UNGRD,6.7,5.4,1
2018-05-12,ANTIOQUIA,AMAGA,6.03,-75.71,5.14,1,Rainfall,SIMMA,5.4,1.6,1
2018-05-12,CUNDINAMARCA,GUAYABETAL,4.23,-73.84,8.4,1,Unknown,UNGRD,15.5,5.3,1
2018-05-15,SANTANDER,ONZAGA,6.34,-72.81,12.48,1,Rainfall,UNGRD,26.5,8.6,1
2018-05-27,TOLIMA,CAJAMARCA,4.4,-75.41,1.52,1,Unknown,UNGRD,0.1,0.6,1
2018-06-02,ANTIOQUIA,COCORNA,6.02,-75.17,8.45,1,Human activity,SIMMA,23.7,9.2,1
2018-06-11,CAQUETA,FLORENCIA,1.75,-75.56,28.7,1,Rainfall,UNGRD,3.5,3.1,1
2018-06-12,NARIÑO,PASTO,1.08,-77.2,18.51,2,Human activity,SIMMA,2.6,0.0,1
2018-06-18,BOYACA,TIBANA,5.3,-73.39,6.22,2,Unknown,SIMMA,7.6,1.5,1
2018-06-22,CUNDINAMARCA,CAQUEZA,4.4,-73.94,5.98,4,Unknown,News report,3.2,19.2,1
2018-06-28,CHOCO,NOVITA,4.85,-76.62,17.35,1,Human activity,UNGRD,17.3,43.8,1
2018-07-10,CESAR,PUEBLO BELLO,10.42,-73.61,15.41,3,Unknown,UNGRD - SIMMA,0.0,1.7,1
2018-08-21,CUNDINAMARCA,TOCANCIPA,4.97,-73.93,4.87,1,Human activity,UNGRD,12.6,6.7,1
2018-08-29,ANTIOQUIA,TARAZA,7.49,-75.49,23.38,3,Human activity,UNGRD,0.8,3.7,1
2018-09-20,ANTIOQUIA,CIUDAD BOLIVAR,5.84,-76.01,9.09,3,Rainfall,UNGRD,5.2,0.9,1
2018-10-10,NORTE DE SANTANDER,OCAÑA,8.39,-73.45,4.67,1,Rainfall,UNGRD,7.0,0.8,1
2018-10-11,CALDAS,MARQUETALIA,5.31,-75.04,5.36,12,Rainfall,UNGRD,12.9,8.4,1
2018-10-13,NORTE DE SANTANDER,GRAMALOTE,7.91,-72.81,6.91,1,Rainfall,UNGRD,11.6,1.6,1
2018-10-19,CAUCA,TIMBIQUI,2.7,-77.49,24.02,1,Human activity,UNGRD,1.4,3.5,1
2018-10-20,SANTANDER,BARRANCABERMEJA,7.06,-73.85,6.0,9,Rainfall,UNGRD,10.9,12.4,1
2018-11-02,RISARALDA,DOSQUEBRADAS,4.84,-75.67,4.74,2,Unknown,UNGRD,29.0,47.0,1
2018-11-02,CAUCA,SUCRE,2.06,-76.91,6.57,2,Unknown,UNGRD,0.3,33.4,1
2018-11-09,ANTIOQUIA,RIONEGRO (A),6.15,-75.41,7.94,2,Unknown,UNGRD,2.2,1.0,1
2018-11-19,ANTIOQUIA,DABEIBA,7.05,-76.38,2.39,2,Unknown,UNGRD,27.3,11.5,1
2018-12-01,QUINDIO,CALARCA,4.47,-75.66,8.35,6,Rainfall,UNGRD,40.2,4.0,1
2018-12-13,BOYACA,GUATEQUE,5.01,-73.49,3.38,1,Earthquake,UNGRD,14.4,3.3,1
2018-12-20,PUTUMAYO,SAN FRANCISCO (P),1.14,-76.85,11.4,2,Unknown,UNGRD,3.6,0.0,1
2019-01-07,CHOCO,CARMEN DEL DARIEN,7.03,-76.97,31.82,1,Unknown,SIMMA,2.6,3.1,1
2019-01-11,ATLANTICO,MALAMBO,10.86,-74.78,1.5,2,Human activity,UNGRD,0.3,0.1,1
2019-02-15,SANTANDER,MALAGA,6.72,-72.74,4.31,2,Unknown,UNGRD,0.0,0.0,1
2019-03-12,ANTIOQUIA,REMEDIOS,7.03,-74.7,1.25,1,Human activity,UNGRD,1.5,1.0,1
2019-03-17,TOLIMA,CHAPARRAL,3.78,-75.61,1.1,2,Unknown,UNGRD,1.5,39.0,1
2019-03-22,CUNDINAMARCA,UTICA,5.19,-74.48,5.39,2,Rainfall,UNGRD,8.2,7.2,1
2019-04-01,HUILA,NEIVA,2.93,-75.28,4.5,2,Unknown,UNGRD,0.2,25.1,1
2019-04-04,RISARALDA,MISTRATO,5.36,-75.86,2.14,1,Human activity,UNGRD,5.2,8.2,1
2019-04-05,CALDAS,NEIRA,5.15,-75.49,1.16,2,Unknown,UNGRD - SIMMA,6.4,7.7,1
2019-04-05,BOLIVAR,BARRANCO DE LOBA,8.84,-74.28,11.68,2,Human activity,News Report - UNGRD,0.0,0.0,1
2019-04-06,ANTIOQUIA,CIUDAD BOLIVAR,5.84,-76.01,9.09,1,Unknown,UNGRD,7.2,56.9,1
2019-04-06,CALDAS,MANIZALES,5.14,-75.48,0.57,3,Unknown,UNGRD,7.7,9.7,1
2019-04-14,ANTIOQUIA,ANDES,5.61,-75.94,11.41,3,Rainfall,UNGRD,6.5,6.8,1
2019-04-21,CAUCA,ROSAS,2.26,-76.75,0.1,33,Unknown,UNGRD,8.6,8.9,1
2019-04-24,CALDAS,MANIZALES,5.07,-75.49,11.0,1,Unknown,UNGRD,3.0,3.0,1
2019-04-28,CAQUETA,FLORENCIA,1.75,-75.56,28.7,4,Rainfall,UNGRD,4.0,2.2,1
2019-05-02,SANTANDER,FLORIDABLANCA,7.08,-73.07,5.61,1,Human activity,News report,0.0,0.0,1
2019-05-19,TOLIMA,RIOBLANCO,3.47,-75.85,25.54,1,Unknown,UNGRD,5.8,4.1,1
2019-05-19,CUNDINAMARCA,GACHETA,4.87,-73.62,9.11,1,Unknown,UNGRD,24.9,3.6,1
2019-05-26,CUNDINAMARCA,LA PALMA,5.33,-74.41,7.75,1,Unknown,UNGRD,21.4,6.2,1
2019-05-27,RISARALDA,DOSQUEBRADAS,4.84,-75.67,4.74,1,Unknown,UNGRD,8.0,0.2,1
2019-05-29,TOLIMA,IBAGUE,4.45,-75.25,20.94,1,Unknown,UNGRD,31.0,0.2,1
2019-06-06,NARIÑO,LOS ANDES,1.67,-77.71,17.46,4,Human activity,UNGRD,4.4,0.4,1
2019-06-11,RISARALDA,PEREIRA,4.82,-75.7,6.5,4,Unknown,UNGRD,0.5,1.0,1
2019-06-22,CAQUETA,FLORENCIA,1.75,-75.56,28.7,2,Unknown,UNGRD,9.7,4.7,1
2019-06-23,HUILA,ALGECIRAS,2.5,-75.29,13.7,2,Unknown,UNGRD,0.0,0.6,1
2019-07-23,TOLIMA,IBAGUE,4.45,-75.25,20.94,1,Unknown,UNGRD,13.0,11.7,1
2019-08-31,CORDOBA,PUERTO LIBERTADOR,7.71,-75.77,22.9,1,Human activity,News report,1.0,2.1,1
2019-09-16,GUAVIARE,SAN JOSE DEL GUAVIARE,2.48,-71.92,73.09,3,Unknown,UNGRD,0.0,8.2,1
2019-09-17,QUINDIO,ARMENIA,4.5,-75.73,6.17,1,Human activity,UNGRD,15.0,48.0,1
2019-09-20,ATLANTICO,SANTO TOMAS,10.76,-74.79,4.58,1,Human activity,UNGRD,7.7,3.7,1
2019-10-06,CALDAS,MANIZALES,5.06,-75.51,2.5,2,Human activity,UNGRD,0.0,0.8,1
2019-10-11,NORTE DE SANTANDER,OCAÑA,8.39,-73.45,4.67,1,Unknown,UNGRD,5.3,10.9,1
2019-10-13,RISARALDA,PEREIRA,4.82,-75.7,6.5,1,Unknown,UNGRD,3.0,3.0,1
2019-10-18,ANTIOQUIA,MEDELLIN,6.26,-75.61,10.86,1,Unknown,UNGRD,0.8,1.1,1
2019-11-04,NARIÑO,FUNES,0.96,-77.4,11.21,1,Unknown,SIMMA,7.9,8.9,1
2019-11-05,TOLIMA,CHAPARRAL,3.74,-75.59,25.89,1,Unknown,UNGRD,1.6,1.8,1
2019-11-12,CHOCO,BAHIA SOLANO,6.25,-77.35,16.86,1,Unknown,UNGRD,10.8,89.1,1
2019-11-13,ANTIOQUIA,SAN LUIS,6.02,-75.01,12.8,1,Unknown,UNGRD,7.7,0.9,1
2019-11-22,HUILA,GUADALUPE,1.98,-75.7,8.93,1,Unknown,UNGRD,3.5,1.9,1
2019-12-10,RISARALDA,DOSQUEBRADAS,4.84,-75.67,4.74,1,Human activity,UNGRD,1.1,29.1,1
2019-12-19,ANTIOQUIA,MEDELLIN,6.25,-75.58,6.5,2,Human activity,UNGRD,17.2,0.6,1
2019-12-26,TOLIMA,CHAPARRAL,3.85,-75.65,0.1,6,Rainfall,UNGRD,16.0,3.0,1
2020-01-04,CHOCO,QUIBDO,5.69,-76.65,2.5,1,Unknown,UNGRD,56.7,12.9,1
2020-02-25,CALDAS,CHINCHINA,4.97,-75.66,5.92,5,Unknown,UNGRD,17.8,5.0,1
2020-02-26,SANTANDER,PIEDECUESTA,6.96,-73.05,0.5,4,Rainfall,UNGRD,0.1,0.0,1
2020-02-26,CAUCA,TORIBIO,2.98,-76.2,12.47,1,Unknown,News Report,35.7,30.6,1
2020-02-29,NARIÑO,IPIALES,0.5,-77.24,22.45,1,Rainfall,UNGRD,4.9,0.3,1
2020-03-14,SANTANDER,BUCARAMANGA,7.16,-73.11,6.99,1,Rainfall,UNGRD,8.2,11.6,1
2020-04-16,NARIÑO,LA UNION (N),1.62,-77.14,6.73,1,Unknown,UNGRD,2.2,4.6,1
2020-04-25,CAUCA,ARGELIA (C),2.31,-77.29,1.79,3,Rainfall,UNGRD,0.0,0.0,1
2020-05-07,HUILA,NEIVA,2.93,-75.28,4.5,1,Human activity,UNGRD,5.7,3.2,1
2020-06-05,ANTIOQUIA,FRONTINO,6.69,-76.33,20.72,1,Human activity,UNGRD,0.5,3.8,1
2020-07-02,ANTIOQUIA,TARAZA,7.49,-75.49,23.38,4,Human activity,UNGRD,8.9,13.5,1
2020-07-04,HUILA,ISNOS,1.95,-76.18,10.95,2,Unknown,UNGRD,2.8,9.7,1
2020-07-04,TOLIMA,CHAPARRAL,3.82,-75.6,0.98,2,Unknown,UNGRD,3.0,9.0,1
2020-07-05,ANTIOQUIA,YALI,6.72,-74.76,11.88,1,Unknown,UNGRD,21.8,6.4,1
2020-07-11,MAGDALENA,SANTA MARTA,11.2,-74.22,0.5,2,Unknown,UNGRD-SIMMA,0.9,2.3,1
2020-08-04,BOLIVAR,BARRANCO DE LOBA,8.84,-74.28,11.68,1,Human activity,News Report,5.8,1.1,1
2020-08-15,ANTIOQUIA,SABANALARGA (A),6.9,-75.79,9.16,1,Human activity,UNGRD,11.8,2.8,1
2020-08-22,TOLIMA,IBAGUE,4.42,-75.34,1.95,3,Unknown,UNGRD,0.3,17.0,1
2020-08-28,GUAINIA,INIRIDA,3.52,-68.01,71.31,1,Human activity,UNGRD,18.9,2.7,1
2020-09-03,HUILA,SUAZA,1.87,-75.81,11.7,3,Rainfall,UNGRD,0.0,0.0,1
2020-09-13,MAGDALENA,SANTA MARTA,11.25,-74.21,0.5,1,Unknown,UNGRD,4.7,0.4,1
2020-09-16,HUILA,PITALITO,1.83,-76.12,14.12,2,Unknown,UNGRD,0.0,0.1,1
2020-09-18,SANTANDER,EL PLAYON,7.22,-73.15,0.91,2,Unknown,UNGRD,0.0,3.1,1
2020-10-02,ANTIOQUIA,YARUMAL,7.08,-75.36,2.45,1,Unknown,UNGRD,0.0,0.3,1
2020-10-11,NORTE DE SANTANDER,OCAÑA,8.25,-73.35,0.5,1,Unknown,SIMMA,0.0,6.2,1
2020-11-08,NORTE DE SANTANDER,PAMPLONITA,7.48,-72.64,7.36,1,Unknown,UNGRD,0.0,0.0,1
2020-11-13,CHOCO,EL CARMEN DE ATRATO,5.81,-76.19,16.26,1,Unknown,News Report,7.0,3.7,1
2020-11-14,CHOCO,EL CARMEN DE ATRATO,5.81,-76.19,16.26,1,Unknown,News Report,3.7,2.8,1
2020-11-19,ANTIOQUIA,DABEIBA,7.0,-76.26,0.5,6,Rainfall,SIMMA,0.0,4.5,1
2020-11-21,TOLIMA,ANZOATEGUI,4.62,-75.2,12.23,1,Unknown,News Report,26.6,4.8,1
2020-11-23,ANTIOQUIA,VALDIVIA,7.29,-75.39,0.5,7,Unknown,UNGRD-SIMMA,6.2,2.2,1
2020-12-01,BOLIVAR,BARRANCO DE LOBA,8.84,-74.28,11.68,3,Human activity,News Report - UNGRD,0.0,0.0,1
2020-12-03,RISARALDA,PEREIRA,4.8,-75.8,13.91,1,Unknown,UNGRD,2.6,8.2,1
2020-12-12,ANTIOQUIA,SAN LUIS,6.0,-75.05,0.1,2,Unknown,News Report,0.0,0.0,1
2020-12-15,ANTIOQUIA,MEDELLIN,6.25,-75.58,6.5,2,Human activity,News Report,0.0,0.0,1
2020-12-25,ANTIOQUIA,ITAGUI,6.18,-75.61,2.53,2,Earthquake,News Report - UNGRD,0.0,0.0,1
2011-03-03,HUILA,SUAZA,1.94,-75.8,1.24,0,N/A,UNGRD,9.5,0.2,0
2013-03-03,CALDAS,MARMATO,5.49,-75.6,3.4,0,N/A,ANM,0.0,0.9,0
2010-05-13,ANTIOQUIA,BELLO,6.36,-75.59,6.87,0,N/A,UNGRD,0.2,0.4,0
2013-01-28,TOLIMA,HERVEO,5.07,-75.24,10.14,0,N/A,UNGRD,0.0,0.0,0
2010-06-19,SANTANDER,BUCARAMANGA,7.16,-73.11,6.99,0,N/A,UNGRD,24.5,12.7,0
2010-02-23,CAUCA,PURACE,2.27,-76.46,12.71,0,N/A,UNGRD,2.5,1.5,0
2012-07-17,VALLE DEL CAUCA,DAGUA,3.79,-76.66,2.99,0,N/A,UNGRD,0.0,0.0,0
2011-01-18,GUAINIA,INIRIDA,3.52,-68.01,71.31,0,N/A,UNGRD,4.0,4.0,0
2014-06-25,CHOCO,MEDIO BAUDO,5.11,-77.0,20.92,0,N/A,UNGRD,10.6,8.7,0
2012-06-23,RISARALDA,PEREIRA,4.8,-75.8,13.91,0,N/A,UNGRD,0.0,1.2,0
2014-08-23,ANTIOQUIA,CIUDAD BOLIVAR,5.84,-76.01,9.09,0,N/A,UNGRD,0.4,38.7,0
2010-02-18,TOLIMA,MARIQUITA,5.24,-74.91,9.68,0,N/A,UNGRD - SIMMA,0.0,0.0,0
2012-03-08,RISARALDA,DOSQUEBRADAS,4.84,-75.67,4.74,0,N/A,UNGRD,3.4,1.0,0
2011-02-09,NARIÑO,EL ROSARIO,1.89,-77.48,12.87,0,N/A,DESINVENTAR,11.5,1.3,0
2010-07-17,HUILA,TERUEL,2.85,-75.76,12.23,0,N/A,UNGRD,7.3,1.2,0
2012-05-14,CAUCA,ARGELIA (C),2.31,-77.29,1.79,0,N/A,UNGRD,0.0,2.9,0
2011-12-22,CALDAS,FILADELFIA,5.29,-75.59,7.85,0,N/A,UNGRD,3.7,12.3,0
2010-05-06,HUILA,TARQUI,2.11,-75.82,0.5,0,N/A,UNGRD,31.6,3.9,0
2010-09-26,ANTIOQUIA,MONTEBELLO,5.92,-75.52,4.9,0,N/A,UNGRD,6.0,17.0,0
2012-01-11,ANTIOQUIA,SANTA BARBARA (A),5.89,-75.59,8.17,0,N/A,UNGRD,0.0,0.0,0
2014-10-20,ATLANTICO,MALAMBO,10.86,-74.78,1.5,0,N/A,UNGRD,2.6,2.0,0
2010-01-31,VALLE DEL CAUCA,DAGUA,3.63,-76.72,3.2,0,N/A,UNGRD,0.0,0.0,0
2017-03-25,NARIÑO,TUQUERRES,1.13,-77.63,8.31,0,N/A,UNGRD,4.6,16.4,0
2010-04-25,TOLIMA,SANTA ISABEL,4.7,-75.11,9.27,0,N/A,UNGRD,1.1,7.0,0
2014-06-12,CALDAS,MANIZALES,5.06,-75.51,2.5,0,N/A,UNGRD,0.0,1.6,0
2011-01-20,HUILA,NEIVA,3.14,-75.56,2.48,0,N/A,UNGRD,2.9,0.0,0
2013-08-15,SANTANDER,FLORIDABLANCA,7.08,-73.07,5.61,0,N/A,UNGRD,0.4,1.8,0
2010-11-10,CASANARE,AGUAZUL,5.13,-72.55,21.45,0,N/A,UNGRD,31.7,26.6,0
2015-08-18,SANTANDER,ONZAGA,6.34,-72.81,12.48,0,N/A,UNGRD,2.6,0.1,0
2015-12-16,NARIÑO,PASTO,1.08,-77.2,18.51,0,N/A,SIMMA,2.5,0.5,0
2011-03-24,CALDAS,SAMANA,5.52,-75.0,15.52,0,N/A,UNGRD,2.9,7.6,0
2013-12-02,SANTANDER,SABANA DE TORRES,7.42,-73.46,2.04,0,N/A,UNGRD,14.0,4.4,0
2014-01-09,CHOCO,NOVITA,4.85,-76.62,17.35,0,N/A,UNGRD,9.1,13.9,0
2015-04-11,NARIÑO,MALLAMA,1.16,-77.85,13.46,0,N/A,UNGRD,0.0,9.6,0
2015-01-17,ANTIOQUIA,DABEIBA,7.08,-76.29,1.21,0,N/A,UNGRD,25.2,20.6,0
2013-01-02,CAUCA,CALOTO,3.06,-76.32,9.22,0,N/A,SIMMA,0.0,0.0,0
2010-06-13,NARIÑO,CHACHAGUI,1.39,-77.27,6.82,0,N/A,UNGRD,0.0,0.0,0
2011-11-14,ANTIOQUIA,TARAZA,7.49,-75.49,23.38,0,N/A,UNGRD,7.0,8.1,0
2010-10-09,CUNDINAMARCA,SAN JUAN DE RIO SECO,4.81,-74.62,9.97,0,N/A,UNGRD,2.9,2.6,0
2011-06-21,TOLIMA,ROVIRA,4.22,-75.35,15.34,0,N/A,UNGRD,24.0,0.0,0
2010-10-24,CALDAS,MANIZALES,5.07,-75.49,11.0,0,N/A,UNGRD,1.6,4.1,0
2011-12-10,NARIÑO,ILES,0.98,-77.52,5.06,0,N/A,UNGRD,1.9,1.2,0
2019-01-06,TOLIMA,CHAPARRAL,3.82,-75.6,0.98,0,N/A,UNGRD,0.0,0.5,0
2010-05-03,SANTANDER,MACARAVITA,6.51,-72.59,5.76,0,N/A,UNGRD,4.5,25.1,0
2010-05-20,TOLIMA,IBAGUE,4.44,-75.22,2.5,0,N/A,UNGRD,3.1,17.0,0
2013-10-23,CAUCA,LA VEGA (C),2.12,-76.78,0.81,0,N/A,UNGRD,9.0,2.7,0
2013-07-03,NORTE DE SANTANDER,BUCARASICA,8.08,-72.93,9.27,0,N/A,UNGRD,0.0,0.0,0
2013-09-12,CAUCA,TIMBIQUI,2.7,-77.49,24.02,0,N/A,UNGRD,0.0,1.7,0
2010-09-16,HUILA,GUADALUPE,1.98,-75.7,8.93,0,N/A,DESINVENTAR,5.4,0.0,0
2010-06-07,BOYACA,SAN PABLO DE BORBUR,5.68,-74.11,7.89,0,N/A,UNGRD,1.3,0.0,0
2013-01-07,BOYACA,MONIQUIRA,5.86,-73.56,8.28,0,N/A,UNGRD - SIMMA,0.0,0.0,0
2014-09-24,CUNDINAMARCA,VIANI,4.91,-74.55,4.61,0,N/A,UNGRD,1.3,0.3,0
2017-03-11,QUINDIO,CALARCA,4.47,-75.66,8.35,0,N/A,UNGRD,4.1,14.0,0
2010-08-05,TOLIMA,CAJAMARCA,4.41,-75.5,12.73,0,N/A,UNGRD,45.0,0.9,0
2016-05-17,ANTIOQUIA,SANTA BARBARA (A),5.89,-75.59,8.17,0,N/A,UNGRD,0.2,5.4,0
2012-07-13,ANTIOQUIA,ITAGUI,6.18,-75.61,2.53,0,N/A,News Report - UNGRD,27.9,15.3,0
2014-04-13,NORTE DE SANTANDER,SAN CALIXTO,8.48,-73.13,11.25,0,N/A,UNGRD,2.5,0.0,0
2012-09-08,CALDAS,MANIZALES,5.06,-75.51,2.5,0,N/A,SIMMA,0.0,1.0,0
2010-01-20,SANTANDER,BUCARAMANGA,7.16,-73.11,6.99,0,N/A,DESINVENTAR,0.0,0.0,0
2012-09-16,SANTANDER,SAN JOAQUIN,6.46,-72.85,6.76,0,N/A,UNGRD,0.0,4.0,0
2015-06-30,ANTIOQUIA,CIUDAD BOLIVAR,5.84,-76.01,9.09,0,N/A,UNGRD,0.0,0.0,0
2012-09-11,BOGOTA,BOGOTA,4.63,-74.11,11.6,0,N/A,HEB,4.7,0.3,0
2011-06-30,TOLIMA,PURIFICACION,3.92,-74.89,1.32,0,N/A,UNGRD,1.4,7.1,0
2012-10-11,CAUCA,PATIA,2.16,-77.05,15.51,0,N/A,UNGRD,13.2,2.0,0
2013-05-13,ANTIOQUIA,SEGOVIA,7.08,-74.7,0.5,0,N/A,UNGRD,3.1,5.0,0
2010-06-26,CAUCA,JAMBALO,2.85,-76.31,8.63,0,N/A,UNGRD,0.8,0.6,0
2010-02-09,CUNDINAMARCA,SOACHA,4.58,-74.24,7.73,0,N/A,UNGRD,2.0,2.4,0
2017-07-29,CALDAS,SAMANA,5.44,-75.01,2.75,0,N/A,SIMMA,1.3,1.4,0
2013-05-01,CAUCA,ROSAS,2.26,-76.75,0.1,0,N/A,UNGRD,4.0,12.5,0
2010-07-30,TOLIMA,CAJAMARCA,4.41,-75.5,12.73,0,N/A,UNGRD,1.6,2.9,0
2011-01-19,RISARALDA,DOSQUEBRADAS,4.84,-75.67,4.74,0,N/A,UNGRD,1.3,0.0,0
2013-02-19,ANTIOQUIA,AMAGA,6.03,-75.71,5.14,0,N/A,UNGRD - SIMMA,0.0,0.0,0
2012-10-30,HUILA,RIVERA (H),2.78,-75.21,10.13,0,N/A,SIMMA,9.7,9.0,0
2017-04-02,ANTIOQUIA,SAN LUIS,6.0,-75.05,0.1,0,N/A,News Report,12.0,0.0,0
2012-01-16,NORTE DE SANTANDER,OCAÑA,8.39,-73.45,4.67,0,N/A,UNGRD,0.0,0.0,0
2010-02-06,CALDAS,MANIZALES,5.06,-75.51,2.5,0,N/A,UNGRD,9.4,10.0,0
2014-06-09,CALDAS,NEIRA,5.15,-75.49,1.16,0,N/A,UNGRD - SIMMA,1.8,3.5,0
2016-12-13,ANTIOQUIA,LA CEJA,5.99,-75.43,6.56,0,N/A,UNGRD,2.0,0.7,0
2013-11-25,TOLIMA,CHAPARRAL,3.74,-75.59,25.89,0,N/A,UNGRD,6.4,1.6,0
2016-02-05,CALDAS,NEIRA,5.15,-75.49,1.16,0,N/A,UNGRD - SIMMA,2.3,0.8,0
2010-04-02,ANTIOQUIA,MEDELLIN,6.25,-75.58,6.5,0,N/A,UNGRD,5.2,1.6,0
2011-02-05,BOLIVAR,MONTECRISTO,8.02,-74.46,25.82,0,N/A,UNGRD - SIMMA,0.0,0.0,0
2010-02-11,ANTIOQUIA,BARBOSA (A),6.44,-75.33,8.1,0,N/A,UNGRD,0.0,0.0,0
2010-10-09,CAUCA,MERCADERES,1.74,-77.28,2.21,0,N/A,UNGRD,3.0,1.1,0
2016-01-30,SANTANDER,ONZAGA,6.34,-72.81,12.48,0,N/A,UNGRD,0.0,0.0,0
2013-05-08,CAUCA,EL TAMBO (C),2.41,-76.69,1.38,0,N/A,UNGRD,15.9,0.0,0
2010-05-11,SANTANDER,CHARTA,7.28,-72.98,6.34,0,N/A,UNGRD,22.4,3.3,0
2011-08-06,ANTIOQUIA,VALDIVIA,7.26,-75.4,13.43,0,N/A,News report,0.0,4.0,0
2013-11-23,HUILA,PALERMO,2.91,-75.44,16.79,0,N/A,UNGRD,3.1,7.6,0
2010-11-28,NARIÑO,PASTO,1.21,-77.28,2.5,0,N/A,UNGRD,15.2,10.6,0
2010-10-18,NORTE DE SANTANDER,SALAZAR DE LAS PALMAS,7.77,-72.87,12.53,0,N/A,UNGRD,3.5,11.3,0
2010-09-29,HUILA,TIMANA,1.95,-75.92,7.7,0,N/A,UNGRD,2.8,1.8,0
2010-03-01,HUILA,TESALIA,2.53,-75.68,11.06,0,N/A,UNGRD,0.0,0.0,0
2011-04-07,TOLIMA,CAJAMARCA,4.4,-75.41,1.52,0,N/A,UNGRD,4.1,0.3,0
2010-02-10,CUNDINAMARCA,BOJACA,4.71,-74.34,5.72,0,N/A,UNGRD,2.4,0.0,0
2012-05-18,CHOCO,TADO,5.27,-76.33,15.08,0,N/A,UNGRD,9.8,18.9,0
2012-08-24,CHOCO,MEDIO ATRATO,6.06,-76.6,2.5,0,N/A,UNGRD,13.1,15.5,0
2012-06-30,ANTIOQUIA,VALDIVIA,7.26,-75.4,13.43,0,N/A,News report,8.9,15.5,0
2011-10-31,CUNDINAMARCA,TOCANCIPA,4.97,-73.93,4.87,0,N/A,UNGRD,0.8,0.0,0
2011-01-22,CHOCO,MEDIO ATRATO,6.06,-76.6,2.5,0,N/A,UNGRD,2.8,0.7,0
2010-05-29,QUINDIO,ARMENIA,4.5,-75.73,6.17,0,N/A,UNGRD,0.3,0.0,0
2010-02-16,VALLE DEL CAUCA,CALI,3.4,-76.58,13.44,0,N/A,UNGRD,0.0,5.1,0
2012-04-04,CAUCA,CALOTO,3.06,-76.32,9.22,0,N/A,UNGRD,0.0,3.9,0
2011-03-19,ANTIOQUIA,ALEJANDRIA,6.36,-75.09,6.5,0,N/A,UNGRD,5.0,18.1,0
2013-10-03,NARIÑO,ILES,0.98,-77.52,5.06,0,N/A,UNGRD,0.0,8.8,0
2010-06-05,SANTANDER,BETULIA (S),7.03,-73.38,11.7,0,N/A,UNGRD,2.6,0.9,0
2014-12-20,BOLIVAR,BARRANCO DE LOBA,8.84,-74.28,11.68,0,N/A,News Report,0.0,0.1,0
2010-11-03,SANTANDER,CHIMA,6.36,-73.4,7.41,0,N/A,UNGRD,17.2,3.7,0
2010-02-11,BOGOTA,BOGOTA,4.63,-74.11,11.6,0,N/A,UNGRD,0.0,0.0,0
2010-01-14,NORTE DE SANTANDER,TOLEDO (NS),7.23,-72.31,21.7,0,N/A,UNGRD,0.0,0.0,0
2010-03-14,NARIÑO,LA CRUZ,1.58,-76.92,8.72,0,N/A,UNGRD,4.0,0.3,0
2014-06-13,ANTIOQUIA,CIUDAD BOLIVAR,5.84,-76.01,9.09,0,N/A,UNGRD,0.2,0.0,0
2010-03-06,SANTANDER,BARICHARA,6.65,-73.21,6.62,0,N/A,UNGRD,0.5,5.9,0
2010-01-23,HUILA,COLOMBIA,3.26,-74.79,22.46,0,N/A,UNGRD,0.0,0.2,0
2010-01-25,ANTIOQUIA,ITUANGO,7.26,-75.85,1.78,0,N/A,UNGRD,0.0,0.6,0
2018-12-19,CUNDINAMARCA,GACHETA,4.87,-73.62,9.11,0,N/A,UNGRD,0.8,0.0,0
2010-03-10,ANTIOQUIA,SEGOVIA,7.27,-74.62,18.87,0,N/A,DESINVENTAR,0.3,0.0,0
2012-06-06,CAUCA,GUAPI,2.41,-77.69,28.59,0,N/A,SIMMA,0.0,0.0,0
2010-03-04,TOLIMA,CASABIANCA,5.02,-75.19,7.5,0,N/A,UNGRD,3.9,0.0,0
2013-03-19,ANTIOQUIA,VALDIVIA,7.29,-75.39,0.5,0,N/A,UNGRD-SIMMA,20.3,3.0,0
2010-01-05,ANTIOQUIA,BRICEÑO,7.11,-75.56,10.98,0,N/A,UNGRD,0.0,0.0,0
2010-03-10,ANTIOQUIA,VALDIVIA,7.26,-75.4,13.43,0,N/A,UNGRD,1.1,1.9,0
2011-11-22,CAUCA,BOLIVAR (C),1.85,-76.96,15.93,0,N/A,UNGRD,4.4,3.1,0
2011-09-02,SANTANDER,PIEDECUESTA,6.97,-73.02,12.41,0,N/A,UNGRD,1.7,0.8,0
2011-05-19,CHOCO,QUIBDO,5.75,-76.41,0.1,0,N/A,UNGRD - SIMMA,0.0,0.0,0
2011-04-21,VALLE DEL CAUCA,DAGUA,3.65,-76.72,17.11,0,N/A,UNGRD,11.1,11.9,0
2014-10-20,ANTIOQUIA,VALDIVIA,7.29,-75.39,0.5,0,N/A,UNGRD-SIMMA,2.4,1.1,0
2011-11-14,ANTIOQUIA,BARBOSA (A),6.44,-75.33,8.1,0,N/A,UNGRD,7.2,20.0,0
2011-10-12,ANTIOQUIA,MEDELLIN,6.26,-75.61,10.86,0,N/A,News report,25.5,26.2,0
2011-01-24,CAUCA,SUCRE,2.06,-76.91,6.57,0,N/A,UNGRD,0.0,0.0,0
2010-10-05,VALLE DEL CAUCA,CALI,3.42,-76.56,0.5,0,N/A,UNGRD - SIMMA,7.6,3.5,0
2010-09-30,NORTE DE SANTANDER,LABATECA,7.22,-72.48,9.02,0,N/A,UNGRD,6.6,4.3,0
2015-10-12,CAQUETA,FLORENCIA,1.75,-75.56,28.7,0,N/A,UNGRD,1.5,14.8,0
2010-02-25,TOLIMA,CHAPARRAL,3.74,-75.59,25.89,0,N/A,UNGRD,0.6,6.2,0
2012-08-27,TOLIMA,CHAPARRAL,3.82,-75.6,0.98,0,N/A,UNGRD,0.0,0.0,0
2010-06-25,ANTIOQUIA,MEDELLIN,6.25,-75.58,6.5,0,N/A,UNGRD,1.9,6.3,0
2010-10-03,NORTE DE SANTANDER,CONVENCION,8.96,-73.18,17.26,0,N/A,UNGRD,2.2,8.1,0
2011-11-20,CAUCA,SUCRE,2.06,-76.91,6.57,0,N/A,UNGRD,2.9,2.6,0
2011-10-11,ANTIOQUIA,ANORI,7.19,-75.11,21.2,0,N/A,UNGRD - SIMMA,4.9,12.3,0
2011-04-08,SANTANDER,RIONEGRO (S),7.29,-73.15,0.71,0,N/A,UNGRD,1.2,2.8,0
2010-12-14,ANTIOQUIA,BARBOSA (A),6.44,-75.33,8.1,0,N/A,UNGRD,13.5,53.4,0
2013-12-24,TOLIMA,MELGAR,4.19,-74.61,8.03,0,N/A,UNGRD,7.2,2.6,0
2010-07-04,TOLIMA,CAJAMARCA,4.41,-75.5,12.73,0,N/A,UNGRD,3.8,3.7,0
2010-03-23,ANTIOQUIA,SEGOVIA,7.27,-74.62,18.87,0,N/A,DESINVENTAR,0.0,1.7,0
2010-09-10,NARIÑO,EL TAMBO (N),1.43,-77.38,8.86,0,N/A,UNGRD,0.0,0.0,0
2010-11-11,HUILA,TIMANA,1.95,-75.92,7.7,0,N/A,UNGRD,25.9,14.8,0
2010-10-24,TOLIMA,PLANADAS,3.11,-75.65,1.79,0,N/A,UNGRD,1.7,5.8,0
2011-02-07,RISARALDA,PUEBLO RICO,5.35,-76.16,0.63,0,N/A,UNGRD,7.5,8.1,0
2013-05-21,QUINDIO,ARMENIA,4.5,-75.73,6.17,0,N/A,UNGRD,2.1,22.7,0
2012-06-04,TOLIMA,ICONONZO,4.13,-74.54,8.3,0,N/A,UNGRD,0.6,0.0,0
2011-04-19,GUAVIARE,SAN JOSE DEL GUAVIARE,2.48,-71.92,73.09,0,N/A,UNGRD,3.7,6.7,0
2010-04-16,CUNDINAMARCA,SOACHA,4.58,-74.24,7.73,0,N/A,UNGRD,1.6,0.7,0
2010-07-06,CALDAS,SAMANA,5.52,-75.0,15.52,0,N/A,UNGRD,7.7,13.2,0
2010-06-03,RISARALDA,SANTUARIO,5.08,-76.03,7.83,0,N/A,UNGRD,1.0,3.4,0
2011-08-14,HUILA,RIVERA (H),2.78,-75.21,10.13,0,N/A,SIMMA,0.0,2.3,0
2010-04-09,SANTANDER,CALIFORNIA,7.33,-72.95,3.78,0,N/A,UNGRD,0.0,0.0,0
2010-04-14,BOYACA,FIRAVITOBA,5.67,-73.02,5.91,0,N/A,UNGRD,26.4,4.8,0
2010-04-07,ANTIOQUIA,SEGOVIA,7.08,-74.7,0.5,0,N/A,UNGRD,4.9,7.8,0
2013-10-27,ANTIOQUIA,SAN JERONIMO,6.44,-75.7,7.24,0,N/A,UNGRD,0.0,6.6,0
2014-01-29,VALLE DEL CAUCA,CALI,3.44,-76.52,4.5,0,N/A,SIMMA,1.1,2.3,0
2011-05-29,TOLIMA,HERVEO,5.07,-75.24,10.14,0,N/A,UNGRD,3.9,2.7,0
2014-04-11,CESAR,SAN DIEGO,10.17,-73.29,14.37,0,N/A,UNGRD,0.0,0.0,0
2010-03-10,TOLIMA,IBAGUE,4.48,-75.17,0.78,0,N/A,UNGRD,1.3,26.0,0
2010-02-23,NARIÑO,CUMBITARA,1.73,-77.59,10.64,0,N/A,UNGRD,4.7,4.0,0
2011-10-11,BOLIVAR,CARTAGENA,10.44,-75.46,13.88,0,N/A,UNGRD,17.6,20.1,0
2016-01-03,CALDAS,MANIZALES,5.14,-75.48,0.57,0,N/A,UNGRD,0.1,1.6,0
2011-09-10,CALDAS,SAMANA,5.52,-75.0,15.52,0,N/A,UNGRD,3.5,21.3,0
2017-08-27,ANTIOQUIA,CONCORDIA,6.05,-75.9,8.74,0,N/A,UNGRD,1.1,6.6,0
2010-07-08,CESAR,PUEBLO BELLO,10.42,-73.61,15.41,0,N/A,UNGRD - SIMMA,3.4,4.1,0
2015-02-04,SANTANDER,BUCARAMANGA,7.16,-73.11,6.99,0,N/A,News report,0.7,0.0,0
2011-09-06,NARIÑO,CHACHAGUI,1.39,-77.27,6.82,0,N/A,UNGRD,0.0,1.2,0
2010-10-11,CHOCO,EL CARMEN DE ATRATO,5.81,-76.19,16.26,0,N/A,UNGRD,28.6,9.3,0
2011-07-05,SANTANDER,SIMACOTA,6.5,-73.36,1.25,0,N/A,UNGRD,6.5,0.2,0
2010-05-24,NORTE DE SANTANDER,LA ESPERANZA,7.7,-73.36,14.61,0,N/A,UNGRD,5.2,0.3,0
2010-08-02,ANTIOQUIA,NARIÑO (A),5.61,-75.25,2.29,0,N/A,UNGRD,0.6,0.0,0
2010-02-06,SANTANDER,BETULIA (S),7.03,-73.38,11.7,0,N/A,UNGRD,0.7,4.5,0
2018-05-16,QUINDIO,CALARCA,4.47,-75.66,8.35,0,N/A,UNGRD,1.2,3.0,0
2010-05-10,SANTANDER,BUCARAMANGA,7.16,-73.11,6.99,0,N/A,UNGRD,2.3,24.3,0
2010-02-20,HUILA,ISNOS,1.95,-76.18,10.95,0,N/A,UNGRD,1.1,0.7,0
2010-11-17,CALDAS,NEIRA,5.18,-75.51,10.83,0,N/A,DESINVENTAR,22.1,12.4,0
2013-09-02,BOYACA,MONIQUIRA,5.86,-73.56,8.28,0,N/A,UNGRD - SIMMA,1.7,5.4,0
2010-03-18,RISARALDA,DOSQUEBRADAS,4.84,-75.67,4.74,0,N/A,UNGRD,2.0,0.1,0
2012-03-27,CAUCA,TIMBIQUI,2.7,-77.49,24.02,0,N/A,UNGRD,7.1,2.6,0
2010-04-19,ANTIOQUIA,GOMEZ PLATA,6.71,-75.19,10.26,0,N/A,UNGRD,0.0,7.2,0
2010-11-20,CALDAS,MANIZALES,5.06,-75.51,2.5,0,N/A,UNGRD,5.6,1.9,0
2011-04-01,ANTIOQUIA,BARBOSA (A),6.44,-75.33,8.1,0,N/A,UNGRD,0.0,0.0,0
2016-07-17,RISARALDA,PEREIRA,4.82,-75.7,6.5,0,N/A,UNGRD,5.6,0.4,0
2010-05-15,CHOCO,EL CARMEN DE ATRATO,5.81,-76.19,16.26,0,N/A,UNGRD,13.5,5.5,0
2010-01-03,BOGOTA,BOGOTA,4.63,-74.11,11.6,0,N/A,HEB,0.0,0.0,0
2010-05-29,BOYACA,FIRAVITOBA,5.67,-73.02,5.91,0,N/A,UNGRD,9.8,5.5,0
2010-10-31,CALDAS,PENSILVANIA,5.39,-75.11,0.76,0,N/A,UNGRD,10.2,4.9,0
2011-03-20,NORTE DE SANTANDER,TIBU,8.71,-72.8,29.19,0,N/A,UNGRD,3.6,1.2,0
2011-12-30,CALDAS,MANIZALES,5.06,-75.51,2.5,0,N/A,UNGRD,0.4,0.5,0
2015-02-24,CUNDINAMARCA,TOCANCIPA,4.97,-73.93,4.87,0,N/A,UNGRD,0.0,0.0,0
2013-09-24,CUNDINAMARCA,GUADUAS,5.08,-74.71,2.95,0,N/A,UNGRD,2.2,0.4,0
2010-07-26,SANTANDER,EL PLAYON,7.52,-73.18,12.04,0,N/A,UNGRD,2.7,3.5,0
2010-06-03,CALDAS,PACORA,5.5,-75.48,9.09,0,N/A,UNGRD,4.0,48.0,0
2010-04-14,SANTANDER,BUCARAMANGA,7.16,-73.11,6.99,0,N/A,News report,5.7,8.5,0
2010-03-25,RISARALDA,MISTRATO,5.41,-75.96,13.42,0,N/A,UNGRD,2.1,3.0,0
2011-08-09,CAUCA,ARGELIA (C),2.31,-77.29,1.79,0,N/A,UNGRD,0.0,0.3,0
2012-10-06,CUNDINAMARCA,GUAYABETAL,4.23,-73.84,8.4,0,N/A,UNGRD,2.4,10.0,0
2010-01-15,HUILA,NEIVA,2.93,-75.28,4.5,0,N/A,UNGRD,0.0,0.0,0
2014-11-19,BOYACA,TIBANA,5.3,-73.39,6.22,0,N/A,SIMMA,29.6,4.9,0
2010-05-25,CUNDINAMARCA,BOJACA,4.71,-74.34,5.72,0,N/A,UNGRD,10.3,10.6,0
2016-12-08,HUILA,TIMANA,1.95,-75.92,7.7,0,N/A,UNGRD,7.5,4.9,0
2016-08-21,SANTANDER,SABANA DE TORRES,7.42,-73.46,2.04,0,N/A,UNGRD,0.0,0.0,0
2011-12-06,TOLIMA,SANTA ISABEL,4.7,-75.11,9.27,0,N/A,UNGRD,3.0,7.8,0
2010-10-12,CALDAS,MANIZALES,5.07,-75.49,11.0,0,N/A,UNGRD,0.7,0.0,0
2016-03-03,NARIÑO,IPIALES,0.5,-77.24,22.45,0,N/A,UNGRD,9.0,14.0,0
2013-04-22,NARIÑO,ILES,0.98,-77.52,5.06,0,N/A,UNGRD,14.4,6.8,0
2011-03-04,ANTIOQUIA,CAROLINA,6.76,-75.32,7.56,0,N/A,UNGRD,17.0,20.1,0
2010-06-26,BOGOTA,BOGOTA,4.63,-74.11,11.6,0,N/A,HEB,11.9,2.1,0
2011-02-23,TOLIMA,HERVEO,5.07,-75.24,10.14,0,N/A,UNGRD,0.0,8.0,0
2014-06-30,QUINDIO,ARMENIA,4.5,-75.73,6.17,0,N/A,UNGRD,0.9,0.8,0
2014-02-13,ANTIOQUIA,SAN LUIS,6.0,-75.05,0.1,0,N/A,News Report,0.2,0.0,0
2014-06-03,CUNDINAMARCA,GUAYABETAL,4.23,-73.84,8.4,0,N/A,UNGRD,1.9,25.5,0
2010-02-23,NARIÑO,TANGUA,1.06,-77.35,8.33,0,N/A,DESINVENTAR,11.2,7.5,0
2014-11-04,CHOCO,TADO,5.27,-76.33,15.08,0,N/A,UNGRD,12.9,5.6,0
2013-12-14,SANTANDER,ONZAGA,6.34,-72.81,12.48,0,N/A,UNGRD,0.1,0.0,0
2010-07-12,QUINDIO,ARMENIA,4.5,-75.73,6.17,0,N/A,UNGRD,6.0,6.9,0
2014-03-16,HUILA,ALGECIRAS,2.5,-75.29,13.7,0,N/A,UNGRD,0.0,0.0,0
2010-02-14,CALDAS,MARULANDA,5.17,-75.2,0.91,0,N/A,UNGRD,0.6,3.0,0
2015-11-04,NORTE DE SANTANDER,LABATECA,7.22,-72.48,9.02,0,N/A,UNGRD - News report,0.0,10.9,0
2011-02-03,SANTANDER,MATANZA,7.35,-73.05,8.67,0,N/A,UNGRD,0.0,0.0,0
2012-04-12,ANTIOQUIA,CAROLINA,6.76,-75.32,7.56,0,N/A,UNGRD,43.3,28.9,0
2011-06-14,HUILA,TESALIA,2.53,-75.68,11.06,0,N/A,UNGRD,1.6,1.2,0
2019-09-06,SANTANDER,BUCARAMANGA,7.16,-73.11,6.99,0,N/A,UNGRD,2.9,1.6,0
2015-12-19,CAUCA,ROSAS,2.22,-76.7,0.5,0,N/A,UNGRD,1.4,0.0,0
2011-08-16,NARIÑO,ILES,0.98,-77.52,5.06,0,N/A,UNGRD,5.5,0.0,0
2014-07-07,RISARALDA,PEREIRA,4.82,-75.7,6.5,0,N/A,UNGRD,2.7,0.0,0
2010-04-12,SANTANDER,PUERTO WILCHES,7.4,-73.84,21.86,0,N/A,UNGRD,1.6,10.2,0
2010-05-07,BOLIVAR,CARTAGENA,10.44,-75.46,13.88,0,N/A,UNGRD,4.7,1.4,0
2013-06-21,CAUCA,INZA,2.44,-76.17,19.62,0,N/A,UNGRD,0.0,0.0,0
2011-11-10,SANTANDER,ONZAGA,6.34,-72.81,12.48,0,N/A,UNGRD,4.4,5.0,0
2010-01-26,ANTIOQUIA,SEGOVIA,7.08,-74.7,0.5,0,N/A,UNGRD,0.3,0.0,0
2011-12-01,HUILA,NEIVA,3.14,-75.56,2.48,0,N/A,UNGRD,7.5,8.9,0
2010-06-19,NARIÑO,CUMBITARA,1.73,-77.59,10.64,0,N/A,UNGRD,5.6,6.3,0
2010-10-10,NARIÑO,LA CRUZ,1.58,-76.92,8.72,0,N/A,UNGRD,3.0,0.0,0
2013-05-18,CUNDINAMARCA,TENA,4.67,-74.37,4.04,0,N/A,UNGRD,9.1,2.3,0
2014-06-08,ANTIOQUIA,COCORNA,6.02,-75.17,8.45,0,N/A,UNGRD,32.0,0.5,0
2013-09-14,HUILA,TIMANA,1.95,-75.92,7.7,0,N/A,UNGRD,1.4,4.5,0
2011-03-03,BOYACA,JERICO (B),6.16,-72.59,6.48,0,N/A,UNGRD,2.5,2.0,0
2018-02-10,CHOCO,BAHIA SOLANO,6.25,-77.35,16.86,0,N/A,UNGRD,10.1,16.9,0
2010-03-26,VALLE DEL CAUCA,DAGUA,3.65,-76.72,17.11,0,N/A,UNGRD,0.0,2.9,0
2010-01-21,SANTANDER,MACARAVITA,6.51,-72.59,5.76,0,N/A,UNGRD,0.0,0.0,0
2010-03-18,BOYACA,FIRAVITOBA,5.67,-73.02,5.91,0,N/A,UNGRD,0.3,0.6,0
2010-03-18,CALDAS,SAMANA,5.52,-75.0,15.52,0,N/A,UNGRD,1.5,0.9,0
2011-08-28,NORTE DE SANTANDER,TEORAMA,8.64,-73.18,1.44,0,N/A,UNGRD,3.0,1.8,0
2010-09-11,CALDAS,MARQUETALIA,5.31,-75.04,5.36,0,N/A,UNGRD,0.8,2.8,0
2010-03-19,SANTANDER,BARICHARA,6.65,-73.21,6.62,0,N/A,UNGRD,0.0,1.9,0
2018-01-30,NARIÑO,FUNES,0.96,-77.4,11.21,0,N/A,SIMMA,0.0,0.0,0
2012-03-25,CUNDINAMARCA,GAMA,4.72,-73.6,5.84,0,N/A,UNGRD,10.7,7.1,0
2010-01-09,CUNDINAMARCA,VILLETA,5.01,-74.49,6.7,0,N/A,UNGRD,0.0,0.0,0
2010-10-28,VALLE DEL CAUCA,DAGUA,3.79,-76.66,2.99,0,N/A,UNGRD,18.9,7.1,0
2010-01-20,SANTANDER,CHARTA,7.28,-72.98,6.34,0,N/A,UNGRD,0.0,0.0,0
2010-08-29,CALDAS,ANSERMA,5.2,-75.75,8.15,0,N/A,UNGRD,1.7,1.3,0
2014-03-07,CUNDINAMARCA,GUADUAS,5.21,-74.71,2.34,0,N/A,UNGRD,4.6,15.3,0
2011-02-09,CAUCA,SANTANDER DE QUILICHAO,2.98,-76.5,12.85,0,N/A,News report,8.2,1.4,0
2014-12-10,RISARALDA,MISTRATO,5.36,-75.86,2.14,0,N/A,UNGRD,16.7,9.0,0
2010-10-23,NARIÑO,LA CRUZ,1.58,-76.92,8.72,0,N/A,UNGRD,1.8,5.3,0
2010-06-21,CUNDINAMARCA,VILLAPINZON,5.23,-73.58,8.47,0,N/A,UNGRD,13.8,3.9,0
2016-05-25,CALDAS,NEIRA,5.15,-75.49,1.16,0,N/A,UNGRD - SIMMA,3.8,5.8,0
2010-02-18,NORTE DE SANTANDER,CUCUTILLA,7.5,-72.8,10.84,0,N/A,UNGRD,0.0,0.0,0
2011-12-23,HUILA,RIVERA (H),2.78,-75.21,10.13,0,N/A,SIMMA,0.0,0.0,0
2014-02-13,BOYACA,MONIQUIRA,5.86,-73.56,8.28,0,N/A,UNGRD - SIMMA,5.5,4.7,0
2016-02-29,CHOCO,TADO,5.27,-76.33,15.08,0,N/A,UNGRD,0.0,0.0,0
2016-12-14,HUILA,SUAZA,1.87,-75.81,11.7,0,N/A,UNGRD,23.8,10.6,0
2011-05-29,RISARALDA,APIA,5.14,-75.95,6.88,0,N/A,UNGRD,6.1,3.0,0
2011-05-01,NORTE DE SANTANDER,LABATECA,7.22,-72.48,9.02,0,N/A,UNGRD,1.6,9.1,0
2016-10-02,ANTIOQUIA,DABEIBA,7.08,-76.29,1.21,0,N/A,UNGRD,2.8,0.0,0
2010-07-10,NARIÑO,ILES,0.98,-77.52,5.06,0,N/A,UNGRD,1.0,0.0,0
2012-12-08,HUILA,NEIVA,2.93,-75.28,4.5,0,N/A,UNGRD,8.2,8.5,0
2010-01-01,BOYACA,TASCO,5.88,-72.73,8.18,0,N/A,DESINVENTAR,0.0,0.0,0
2015-10-08,RISARALDA,PEREIRA,4.82,-75.7,6.5,0,N/A,UNGRD,0.0,2.4,0
2011-06-09,HUILA,NEIVA,3.01,-75.28,19.53,0,N/A,UNGRD,0.0,0.4,0
2013-08-26,NARIÑO,IPIALES,0.5,-77.24,22.45,0,N/A,UNGRD,30.0,17.0,0
2010-05-09,ANTIOQUIA,GOMEZ PLATA,6.71,-75.19,10.26,0,N/A,UNGRD,14.0,15.0,0
2010-08-24,ANTIOQUIA,GOMEZ PLATA,6.71,-75.19,10.26,0,N/A,UNGRD,0.1,3.0,0
2015-01-05,HUILA,PALERMO,2.92,-75.66,1.91,0,N/A,UNGRD,0.0,0.0,0
2019-02-25,TOLIMA,IBAGUE,4.45,-75.25,20.94,0,N/A,UNGRD,112.0,2.0,0
2010-11-01,CAUCA,PURACE,2.27,-76.46,12.71,0,N/A,UNGRD,5.1,2.9,0
2011-10-21,NARIÑO,CONTADERO,0.93,-77.53,3.71,0,N/A,DESINVENTAR,0.3,0.8,0
2017-08-12,CHOCO,EL CARMEN DE ATRATO,5.81,-76.19,16.26,0,N/A,News Report,34.6,3.6,0
2012-10-26,ANTIOQUIA,AMAGA,6.03,-75.71,5.14,0,N/A,SIMMA,12.4,3.0,0
2010-03-11,TOLIMA,HERVEO,5.07,-75.24,10.14,0,N/A,UNGRD,2.1,0.0,0
2013-07-16,VALLE DEL CAUCA,PALMIRA,3.56,-76.23,17.88,0,N/A,UNGRD,0.5,0.0,0
2010-09-01,CUNDINAMARCA,GUADUAS,5.08,-74.71,2.95,0,N/A,UNGRD,7.8,12.6,0
2010-01-19,CUNDINAMARCA,SOACHA,4.58,-74.24,7.73,0,N/A,UNGRD,0.0,0.0,0
2010-10-01,SANTANDER,EL CARMEN DE CHUCURI,6.56,-73.67,1.44,0,N/A,UNGRD,1.8,9.0,0
2015-02-23,HUILA,PALERMO,2.92,-75.66,1.91,0,N/A,UNGRD,0.0,0.0,0
2016-03-11,CUNDINAMARCA,TOCANCIPA,4.97,-73.93,4.87,0,N/A,UNGRD,6.1,3.9,0
2018-07-28,HUILA,NEIVA,2.93,-75.28,4.5,0,N/A,UNGRD,0.4,0.0,0
2016-11-29,RISARALDA,PUEBLO RICO,5.36,-76.12,0.87,0,N/A,UNGRD,11.7,13.7,0
2018-11-26,BOLIVAR,BARRANCO DE LOBA,8.84,-74.28,11.68,0,N/A,News Report - UNGRD,3.2,3.2,0
2016-10-13,CAUCA,GUAPI,2.41,-77.69,28.59,0,N/A,News Report - UNGRD,2.5,8.9,0
2010-02-05,ANTIOQUIA,ANGOSTURA,6.87,-75.36,10.24,0,N/A,UNGRD,0.0,0.0,0
2019-03-29,QUINDIO,ARMENIA,4.5,-75.73,6.17,0,N/A,UNGRD,3.1,47.9,0
2010-11-12,NORTE DE SANTANDER,TOLEDO (NS),7.23,-72.31,21.7,0,N/A,UNGRD,2.9,16.1,0
2010-02-26,ANTIOQUIA,ANDES,5.61,-75.94,11.41,0,N/A,UNGRD,8.1,11.2,0
2011-11-10,ANTIOQUIA,SALGAR,5.97,-75.98,9.63,0,N/A,UNGRD,7.4,9.0,0
2015-02-05,HUILA,TIMANA,1.95,-75.92,7.7,0,N/A,UNGRD,1.9,3.1,0
2010-07-12,SANTANDER,BARICHARA,6.65,-73.21,6.62,0,N/A,UNGRD,3.7,1.8,0
2010-03-12,ANTIOQUIA,MEDELLIN,6.25,-75.58,6.5,0,N/A,UNGRD,0.0,0.0,0
2011-05-24,NARIÑO,FUNES,0.96,-77.4,11.21,0,N/A,UNGRD,3.3,1.4,0
2012-04-14,HUILA,SUAZA,1.8,-75.81,0.93,0,N/A,UNGRD - SIMMA,0.0,1.8,0
2011-09-08,ANTIOQUIA,VALDIVIA,7.26,-75.4,13.43,0,N/A,UNGRD,8.0,4.5,0
2011-01-20,ANTIOQUIA,CAROLINA,6.76,-75.32,7.56,0,N/A,UNGRD,0.0,0.0,0
2012-06-06,ANTIOQUIA,SAN LUIS,6.0,-75.05,0.1,0,N/A,News Report,0.0,0.0,0
2015-11-01,CAUCA,ROSAS,2.26,-76.75,0.1,0,N/A,UNGRD,3.3,13.5,0
2010-08-14,RISARALDA,QUINCHIA,5.32,-75.71,6.67,0,N/A,UNGRD,3.8,0.2,0
2016-03-05,CAUCA,TORIBIO,2.98,-76.2,12.47,0,N/A,News Report,11.6,3.5,0
2010-04-30,ANTIOQUIA,BRICEÑO,7.11,-75.56,10.98,0,N/A,UNGRD,21.2,9.5,0
2012-12-09,HUILA,NEIVA,3.01,-75.28,19.53,0,N/A,UNGRD,8.5,0.0,0
2011-03-01,HUILA,NEIVA,3.01,-75.28,19.53,0,N/A,UNGRD,21.3,6.8,0
2010-03-14,QUINDIO,ARMENIA,4.5,-75.73,6.17,0,N/A,UNGRD,3.2,0.6,0
2012-09-13,HUILA,SUAZA,1.8,-75.81,0.93,0,N/A,UNGRD - SIMMA,0.0,0.9,0
2010-07-16,ANTIOQUIA,MONTEBELLO,5.92,-75.52,4.9,0,N/A,UNGRD,55.7,3.0,0
2017-10-21,CAQUETA,FLORENCIA,1.75,-75.56,28.7,0,N/A,UNGRD,6.4,14.3,0
2012-04-26,ANTIOQUIA,SONSON,5.7,-75.23,20.7,0,N/A,UNGRD,16.9,6.8,0
2010-06-22,SANTANDER,LEBRIJA,7.15,-73.3,1.5,0,N/A,UNGRD,4.4,0.1,0
2019-09-11,TOLIMA,IBAGUE,4.42,-75.34,1.95,0,N/A,UNGRD,0.0,0.0,0
2011-03-12,VALLE DEL CAUCA,CALI,3.44,-76.52,4.5,0,N/A,SIMMA,0.0,0.0,0
2010-11-12,ANTIOQUIA,MEDELLIN,6.25,-75.58,6.5,0,N/A,UNGRD,10.7,1.3,0
2011-01-29,ANTIOQUIA,ANGELOPOLIS,6.12,-75.72,5.1,0,N/A,UNGRD,0.0,0.0,0
2010-01-29,HUILA,GUADALUPE,1.98,-75.7,8.93,0,N/A,UNGRD,0.1,0.0,0
2012-09-05,TOLIMA,LIBANO,4.88,-75.05,9.52,0,N/A,UNGRD,0.8,0.0,0
2018-11-22,SANTANDER,BUCARAMANGA,7.16,-73.11,6.99,0,N/A,UNGRD,10.0,10.5,0
2014-06-29,RISARALDA,PEREIRA,4.82,-75.7,6.5,0,N/A,UNGRD,1.0,2.8,0
2013-03-05,RISARALDA,DOSQUEBRADAS,4.84,-75.67,4.74,0,N/A,UNGRD,0.1,0.0,0
2010-07-22,SANTANDER,SAN VICENTE DE CHUCURI,6.89,-73.54,18.7,0,N/A,UNGRD,6.7,0.8,0
2010-01-23,CAUCA,SUCRE,2.06,-76.91,6.57,0,N/A,UNGRD,0.0,0.4,0
2014-07-27,RISARALDA,DOSQUEBRADAS,4.84,-75.67,4.74,0,N/A,UNGRD,5.2,0.1,0
2018-01-29,ATLANTICO,MALAMBO,10.86,-74.78,1.5,0,N/A,UNGRD,0.0,0.0,0
2013-01-24,CUNDINAMARCA,SOACHA,4.58,-74.24,7.73,0,N/A,UNGRD,0.0,3.1,0
2011-05-19,NORTE DE SANTANDER,GRAMALOTE,7.91,-72.81,6.91,0,N/A,UNGRD,11.8,16.3,0
2014-02-06,BOYACA,TIBANA,5.3,-73.39,6.22,0,N/A,SIMMA,0.0,0.0,0
2010-09-29,NARIÑO,LA UNION (N),1.62,-77.14,6.73,0,N/A,UNGRD,5.2,2.3,0
2011-09-22,ANTIOQUIA,GUATAPE,6.24,-75.16,5.19,0,N/A,UNGRD - SIMMA,3.0,4.0,0
2018-08-09,CHOCO,CARMEN DEL DARIEN,7.03,-76.97,31.82,0,N/A,SIMMA,23.8,11.8,0
2010-08-25,NARIÑO,RICAURTE (N),1.15,-78.06,18.33,0,N/A,UNGRD,0.0,0.1,0
2016-01-10,CUNDINAMARCA,CAQUEZA,4.4,-73.94,5.98,0,N/A,News report,0.0,0.0,0
2010-04-15,ANTIOQUIA,DABEIBA,7.08,-76.29,1.21,0,N/A,UNGRD,36.3,8.5,0
2013-06-08,ANTIOQUIA,CIUDAD BOLIVAR,5.84,-76.01,9.09,0,N/A,UNGRD,5.3,0.0,0
2010-06-25,BOYACA,OTANCHE,5.75,-74.2,12.3,0,N/A,UNGRD,1.3,9.0,0
2010-10-26,MAGDALENA,SANTA MARTA,11.12,-73.89,27.34,0,N/A,News report,1.1,0.7,0
2011-02-24,NARIÑO,CHACHAGUI,1.39,-77.27,6.82,0,N/A,UNGRD,9.7,18.0,0
2013-10-28,TOLIMA,CHAPARRAL,3.82,-75.6,0.98,0,N/A,UNGRD,2.2,0.6,0
2010-05-03,CALDAS,SAMANA,5.52,-75.0,15.52,0,N/A,UNGRD,16.6,18.9,0
2011-02-22,CAUCA,GUAPI,2.41,-77.69,28.59,0,N/A,SIMMA,2.7,1.8,0
2014-06-23,NORTE DE SANTANDER,LABATECA,7.22,-72.48,9.02,0,N/A,UNGRD - News report,5.0,12.1,0
2010-06-04,BOYACA,MONGUA,5.71,-72.69,10.71,0,N/A,UNGRD,9.7,10.3,0
2015-10-10,ANTIOQUIA,COPACABANA,6.35,-75.5,4.67,0,N/A,UNGRD,0.0,0.7,0
2010-08-27,NARIÑO,PASTO,1.21,-77.28,2.5,0,N/A,UNGRD,0.0,0.0,0
2013-10-17,CAUCA,BOLIVAR (C),1.85,-76.96,15.93,0,N/A,UNGRD,7.6,0.2,0
2011-04-27,CAUCA,MERCADERES,2.04,-77.22,0.61,0,N/A,UNGRD,15.5,6.3,0
2013-07-20,ARAUCA,SARAVENA,6.91,-71.85,17.33,0,N/A,News report,3.1,5.0,0
2010-03-14,CORDOBA,AYAPEL,8.26,-75.05,24.81,0,N/A,News report,0.5,0.0,0
2012-01-26,ANTIOQUIA,COCORNA,6.02,-75.17,8.45,0,N/A,UNGRD,0.0,1.2,0
2011-12-19,TOLIMA,PURIFICACION,3.92,-74.89,1.32,0,N/A,UNGRD,6.4,4.7,0
2010-08-04,VALLE DEL CAUCA,BUENAVENTURA,3.49,-77.12,44.71,0,N/A,DESINVENTAR,1.5,0.0,0
2010-10-21,ANTIOQUIA,MEDELLIN,6.25,-75.58,6.5,0,N/A,UNGRD,0.1,0.1,0
2016-10-31,NORTE DE SANTANDER,TEORAMA,8.64,-73.18,1.44,0,N/A,UNGRD,0.4,9.4,0
2010-03-15,ANTIOQUIA,MONTEBELLO,5.92,-75.52,4.9,0,N/A,UNGRD,0.0,0.2,0
2010-05-06,ANTIOQUIA,LA UNION (A),5.94,-75.35,7.41,0,N/A,UNGRD,16.0,14.5,0
2011-01-17,HUILA,NEIVA,3.01,-75.28,19.53,0,N/A,UNGRD,0.0,0.0,0
2013-10-30,ANTIOQUIA,AMALFI,7.13,-75.01,2.54,0,N/A,UNGRD,4.7,5.5,0
2012-12-26,ANTIOQUIA,CIUDAD BOLIVAR,5.84,-76.01,9.09,0,N/A,UNGRD,0.0,4.7,0
2014-07-24,CESAR,PUEBLO BELLO,10.42,-73.61,15.41,0,N/A,UNGRD - SIMMA,0.0,0.0,0
2010-07-19,NARIÑO,LA UNION (N),1.62,-77.14,6.73,0,N/A,UNGRD,0.0,0.0,0
2010-05-10,BOYACA,SAN PABLO DE BORBUR,5.68,-74.11,7.89,0,N/A,UNGRD,3.9,4.6,0
2014-01-17,CAUCA,INZA,2.44,-76.17,19.62,0,N/A,UNGRD,0.0,0.0,0
2010-03-09,SANTANDER,BARICHARA,6.65,-73.21,6.62,0,N/A,UNGRD,2.2,0.0,0
2013-08-04,BOYACA,TIBANA,5.3,-73.39,6.22,0,N/A,SIMMA,1.9,4.2,0
2017-05-21,SANTANDER,FLORIDABLANCA,7.08,-73.07,5.61,0,N/A,UNGRD,0.0,0.0,0
2017-07-07,CALDAS,SAMANA,5.44,-75.01,2.75,0,N/A,SIMMA,0.8,0.0,0
2011-11-10,HUILA,ISNOS,1.94,-76.13,0.86,0,N/A,UNGRD,1.5,9.2,0
2010-02-18,TOLIMA,IBAGUE,4.44,-75.22,2.5,0,N/A,UNGRD,0.0,0.0,0
2010-10-30,BOLIVAR,CARTAGENA,10.44,-75.46,13.88,0,N/A,UNGRD,6.2,4.8,0
2016-09-10,CORDOBA,PUERTO LIBERTADOR,7.71,-75.77,22.9,0,N/A,News report,2.7,9.7,0
2010-10-06,BOYACA,OTANCHE,5.75,-74.2,12.3,0,N/A,DESINVENTAR,11.2,4.4,0
2010-06-15,HUILA,TARQUI,2.11,-75.82,0.5,0,N/A,UNGRD,0.0,2.0,0
2013-08-23,ANTIOQUIA,ITUANGO,7.26,-75.85,1.78,0,N/A,UNGRD,3.0,7.1,0
2010-06-06,SANTANDER,BETULIA (S),7.03,-73.38,11.7,0,N/A,UNGRD,0.9,0.0,0
2014-06-05,ANTIOQUIA,SAN LUIS,6.02,-75.01,12.8,0,N/A,UNGRD,3.1,1.4,0
2016-02-05,SANTANDER,SAN JOAQUIN,6.46,-72.85,6.76,0,N/A,UNGRD,0.3,0.7,0
2012-02-28,ANTIOQUIA,FRONTINO,6.69,-76.33,20.72,0,N/A,UNGRD,1.4,11.1,0
2010-02-14,SANTANDER,MACARAVITA,6.51,-72.59,5.76,0,N/A,UNGRD,2.2,1.7,0
2012-07-19,HUILA,PITALITO,1.85,-76.05,1.5,0,N/A,UNGRD,6.8,1.9,0
2010-04-28,BOYACA,SOMONDOCO,4.97,-73.43,4.28,0,N/A,UNGRD,5.6,2.9,0
2010-09-15,CALDAS,MANZANARES,5.23,-75.15,7.96,0,N/A,UNGRD,1.1,3.1,0
2012-03-31,TOLIMA,SANTA ISABEL,4.7,-75.11,9.27,0,N/A,UNGRD,0.5,4.1,0
2011-01-13,HUILA,GUADALUPE,1.98,-75.7,8.93,0,N/A,UNGRD,0.6,0.0,0
2011-04-08,NARIÑO,EL TAMBO (N),1.43,-77.38,8.86,0,N/A,UNGRD,6.3,9.4,0
2010-02-09,NARIÑO,ROBERTO PAYAN,2.09,-78.37,7.18,0,N/A,UNGRD,1.3,2.4,0
2014-08-28,CAUCA,ROSAS,2.26,-76.75,0.1,0,N/A,UNGRD,0.0,1.4,0
2010-02-16,ANTIOQUIA,VALDIVIA,7.26,-75.4,13.43,0,N/A,UNGRD,0.0,0.0,0
2012-03-18,HUILA,SUAZA,1.94,-75.8,1.24,0,N/A,UNGRD,1.6,6.5,0
2016-11-06,NORTE DE SANTANDER,PAMPLONA,7.38,-72.65,0.75,0,N/A,UNGRD - SIMMA,0.0,16.1,0
2010-03-25,BOLIVAR,CARTAGENA,10.44,-75.46,13.88,0,N/A,UNGRD,0.0,0.0,0
2011-04-27,HUILA,OPORAPA,2.06,-76.04,7.01,0,N/A,UNGRD - SIMMA,23.2,16.0,0
2012-12-10,NARIÑO,MALLAMA,1.16,-77.85,13.46,0,N/A,UNGRD,0.8,0.0,0
2010-04-17,SANTANDER,BETULIA (S),7.03,-73.38,11.7,0,N/A,UNGRD,3.5,1.7,0
2010-01-06,BOGOTA,BOGOTA,4.63,-74.11,11.6,0,N/A,UNGRD,0.0,0.0,0
2010-11-10,BOLIVAR,BARRANCO DE LOBA,8.84,-74.28,11.68,0,N/A,News Report - UNGRD,4.6,1.7,0
2011-03-07,NARIÑO,CHACHAGUI,1.39,-77.27,6.82,0,N/A,UNGRD,0.0,0.0,0
2011-08-23,NORTE DE SANTANDER,TIBU,8.71,-72.8,29.19,0,N/A,UNGRD,4.9,4.3,0
2012-11-13,SANTANDER,PIEDECUESTA,6.97,-73.02,12.41,0,N/A,UNGRD,6.5,2.3,0
2011-01-15,TOLIMA,CAJAMARCA,4.41,-75.5,12.73,0,N/A,UNGRD,16.0,0.0,0
2010-06-30,ANTIOQUIA,COCORNA,6.02,-75.17,8.45,0,N/A,UNGRD,0.4,0.0,0
2012-03-04,SANTANDER,BUCARAMANGA,7.16,-73.11,6.99,0,N/A,News report,1.1,13.2,0
2010-03-19,NORTE DE SANTANDER,CUCUTILLA,7.5,-72.8,10.84,0,N/A,UNGRD,0.8,0.9,0
2010-08-03,CAUCA,PATIA,2.16,-77.05,15.51,0,N/A,UNGRD,0.5,1.6,0
2017-05-21,HUILA,TESALIA,2.53,-75.68,11.06,0,N/A,UNGRD,1.0,0.2,0
2010-03-28,NARIÑO,FUNES,0.96,-77.4,11.21,0,N/A,UNGRD,0.3,0.0,0
2010-11-29,NORTE DE SANTANDER,CONVENCION,8.96,-73.18,17.26,0,N/A,UNGRD,10.0,2.7,0
2011-09-09,QUINDIO,CALARCA,4.47,-75.66,8.35,0,N/A,UNGRD,4.3,13.0,0
2011-06-13,VALLE DEL CAUCA,DAGUA,3.79,-76.66,2.99,0,N/A,UNGRD,0.1,0.0,0
2011-03-02,HUILA,ISNOS,1.94,-76.13,0.86,0,N/A,UNGRD,10.7,8.7,0
2012-02-12,CUNDINAMARCA,GAMA,4.72,-73.6,5.84,0,N/A,UNGRD,3.7,1.1,0
2016-03-09,CAQUETA,FLORENCIA,1.61,-75.6,1.5,0,N/A,UNGRD,5.3,0.0,0
2014-10-11,CAUCA,TORIBIO,2.98,-76.2,12.47,0,N/A,News Report,2.6,0.7,0
2015-06-02,RISARALDA,GUATICA,5.32,-75.8,5.66,0,N/A,UNGRD - SIMMA,0.7,2.8,0
2011-06-08,CALDAS,RIOSUCIO (C),5.48,-75.71,0.76,0,N/A,UNGRD,1.1,0.0,0
2012-07-05,NARIÑO,CUMBAL,0.94,-77.96,17.07,0,N/A,UNGRD - SIMMA,0.0,0.0,0
2011-04-21,RISARALDA,MISTRATO,5.41,-75.96,13.42,0,N/A,UNGRD,12.7,27.0,0
2010-04-12,TOLIMA,ICONONZO,4.13,-74.54,8.3,0,N/A,UNGRD,8.0,16.0,0
2012-04-03,CORDOBA,AYAPEL,8.26,-75.05,24.81,0,N/A,News report,2.9,7.8,0
2010-07-31,SANTANDER,LEBRIJA,7.2,-73.29,13.24,0,N/A,UNGRD,26.5,10.3,0
2010-03-07,BOYACA,JERICO (B),6.16,-72.59,6.48,0,N/A,UNGRD,11.1,4.4,0
2010-10-02,NORTE DE SANTANDER,CACHIRA,7.69,-73.15,1.32,0,N/A,UNGRD,17.4,4.1,0
2010-04-13,CAUCA,PATIA,2.16,-77.05,15.51,0,N/A,UNGRD,16.3,21.5,0
2017-06-13,CHOCO,BAHIA SOLANO,6.25,-77.35,16.86,0,N/A,UNGRD,15.3,2.1,0
2010-03-15,CALDAS,RISARALDA,5.1,-75.73,5.34,0,N/A,UNGRD,0.1,0.0,0
2011-05-31,BOYACA,TIBANA,5.3,-73.39,6.22,0,N/A,SIMMA,3.7,1.8,0
2014-12-18,CAUCA,ROSAS,2.22,-76.7,0.5,0,N/A,UNGRD,3.3,2.6,0
2010-03-20,HUILA,ALGECIRAS,2.5,-75.29,13.7,0,N/A,UNGRD,0.8,2.6,0
2010-09-14,CUNDINAMARCA,VILLETA,5.01,-74.47,1.25,0,N/A,UNGRD,1.2,0.5,0
2013-04-25,TOLIMA,ANZOATEGUI,4.62,-75.2,12.23,0,N/A,News Report,0.5,0.0,0
2010-04-08,NARIÑO,BARBACOAS,1.45,-78.16,29.5,0,N/A,UNGRD,6.7,3.9,0
2011-06-16,RISARALDA,DOSQUEBRADAS,4.84,-75.67,4.74,0,N/A,UNGRD,1.3,0.7,0
2017-08-17,TOLIMA,CHAPARRAL,3.82,-75.6,0.98,0,N/A,UNGRD,3.0,3.2,0
2011-01-18,CAUCA,INZA,2.44,-76.17,19.62,0,N/A,UNGRD,3.2,2.1,0
2016-01-29,ANTIOQUIA,ITUANGO,7.26,-75.85,1.78,0,N/A,UNGRD,1.0,0.1,0
2014-01-04,TOLIMA,CHAPARRAL,3.74,-75.59,25.89,0,N/A,UNGRD,0.0,0.8,0
2010-05-02,ANTIOQUIA,MEDELLIN,6.25,-75.58,6.5,0,N/A,UNGRD,0.8,10.1,0
2010-10-07,SANTANDER,BETULIA (S),7.03,-73.38,11.7,0,N/A,UNGRD,1.1,19.9,0
2018-04-30,ANTIOQUIA,CIUDAD BOLIVAR,5.84,-76.01,9.09,0,N/A,UNGRD,0.0,0.0,0
2011-02-13,SANTANDER,TONA,7.17,-72.94,10.27,0,N/A,UNGRD,1.9,9.6,0
2014-03-14,TOLIMA,PURIFICACION,3.92,-74.89,1.32,0,N/A,UNGRD,3.1,0.2,0
2011-10-05,CALDAS,MANIZALES,5.06,-75.51,2.5,0,N/A,UNGRD,29.0,3.2,0
2010-04-07,RISARALDA,GUATICA,5.32,-75.8,5.66,0,N/A,UNGRD - SIMMA,8.1,39.1,0
2010-11-19,NARIÑO,IPIALES,0.5,-77.24,22.45,0,N/A,UNGRD,3.9,7.8,0
2016-10-15,CUNDINAMARCA,GACHETA,4.87,-73.62,9.11,0,N/A,UNGRD,2.7,2.4,0
2012-05-17,VALLE DEL CAUCA,PALMIRA,3.56,-76.23,17.88,0,N/A,UNGRD,2.3,0.0,0
2015-09-07,RISARALDA,MISTRATO,5.36,-75.86,2.14,0,N/A,UNGRD,1.2,0.0,0
2010-12-30,CALDAS,NEIRA,5.15,-75.49,1.16,0,N/A,UNGRD - SIMMA,2.9,7.3,0
2010-11-09,ANTIOQUIA,MEDELLIN,6.25,-75.58,6.5,0,N/A,UNGRD,19.0,18.6,0
2011-09-09,CHOCO,ATRATO,5.56,-76.61,11.73,0,N/A,DESINVENTAR,3.8,4.7,0
2011-10-03,SANTANDER,RIONEGRO (S),7.29,-73.15,0.71,0,N/A,UNGRD,0.0,4.1,0
2010-01-09,CALDAS,MANIZALES,5.07,-75.49,11.0,0,N/A,UNGRD,0.0,3.4,0
2017-11-12,NARIÑO,LA UNION (N),1.62,-77.14,6.73,0,N/A,UNGRD,1.2,0.0,0
2010-11-11,CUNDINAMARCA,UBALA,4.8,-73.48,9.86,0,N/A,UNGRD,19.0,6.8,0
2019-05-03,SANTANDER,EL PLAYON,7.22,-73.15,0.91,0,N/A,UNGRD,0.0,0.0,0
2011-05-12,HUILA,PITALITO,1.83,-76.12,14.12,0,N/A,UNGRD,0.2,0.0,0
2011-01-30,SANTANDER,RIONEGRO (S),7.29,-73.15,0.71,0,N/A,UNGRD,0.0,0.7,0
2010-04-12,SANTANDER,CHIMA,6.36,-73.4,7.41,0,N/A,UNGRD,5.1,8.4,0
2012-02-26,RISARALDA,PEREIRA,4.82,-75.7,6.5,0,N/A,UNGRD,1.4,20.0,0
2010-12-31,HUILA,GUADALUPE,1.98,-75.7,8.93,0,N/A,UNGRD,2.3,3.9,0
2010-06-19,BOLIVAR,CARTAGENA,10.44,-75.46,13.88,0,N/A,UNGRD,11.3,24.3,0
2010-02-11,CALDAS,PENSILVANIA,5.39,-75.11,0.76,0,N/A,UNGRD,0.9,0.0,0
2010-08-31,ATLANTICO,MALAMBO,10.85,-74.81,5.61,0,N/A,News report - SIMMA,3.1,4.0,0
2010-03-31,ANTIOQUIA,ANDES,5.61,-75.94,11.41,0,N/A,UNGRD,17.5,0.7,0
2016-07-07,TOLIMA,ANZOATEGUI,4.62,-75.2,12.23,0,N/A,News Report,8.0,0.7,0
2013-07-25,ANTIOQUIA,BURITICA,6.71,-75.91,0.98,0,N/A,UNGRD,4.6,4.0,0
2010-11-13,HUILA,GUADALUPE,1.98,-75.7,8.93,0,N/A,UNGRD,8.8,5.8,0
2010-05-11,CAUCA,JAMBALO,2.85,-76.31,8.63,0,N/A,UNGRD,0.0,0.0,0
2010-12-26,CHOCO,ISTMINA,5.16,-76.69,24.48,0,N/A,SIMMA,12.3,11.4,0
2011-10-23,ANTIOQUIA,CAROLINA,6.76,-75.32,7.56,0,N/A,UNGRD,13.3,0.0,0
2010-03-08,TOLIMA,HERVEO,5.11,-75.19,1.52,0,N/A,UNGRD,2.2,1.8,0
2011-04-04,CHOCO,CARMEN DEL DARIEN,7.03,-76.97,31.82,0,N/A,SIMMA,0.5,8.1,0
2014-05-11,ANTIOQUIA,DABEIBA,7.08,-76.29,1.21,0,N/A,UNGRD,10.4,18.7,0
2010-06-11,NARIÑO,SANTA BARBARA (N),2.07,-77.71,19.55,0,N/A,News report,0.7,0.0,0
2010-03-19,SANTANDER,LEBRIJA,7.15,-73.3,1.5,0,N/A,UNGRD,0.1,0.0,0
2012-10-19,RISARALDA,PEREIRA,4.8,-75.8,13.91,0,N/A,UNGRD,29.1,1.8,0
2018-12-24,HUILA,ISNOS,1.95,-76.18,10.95,0,N/A,UNGRD,0.0,0.0,0
2010-07-10,HUILA,NEIVA,3.04,-75.26,1.57,0,N/A,UNGRD,2.1,0.0,0
2010-03-06,ANTIOQUIA,GIRALDO,6.65,-75.96,6.33,0,N/A,UNGRD,0.0,5.0,0
2011-11-09,CESAR,PUEBLO BELLO,10.42,-73.61,15.41,0,N/A,UNGRD - SIMMA,1.7,10.2,0
2011-06-03,SANTANDER,BUCARAMANGA,7.16,-73.11,6.99,0,N/A,News report,13.3,5.1,0
2012-12-20,TOLIMA,CAJAMARCA,4.43,-75.4,1.03,0,N/A,UNGRD,0.1,0.0,0
2010-08-10,CUNDINAMARCA,GUADUAS,5.08,-74.71,2.95,0,N/A,UNGRD,0.5,0.3,0
2016-11-10,ANTIOQUIA,TARAZA,7.49,-75.49,23.38,0,N/A,UNGRD,3.0,4.8,0
2010-12-06,TOLIMA,PLANADAS,3.11,-75.65,1.79,0,N/A,UNGRD,0.3,0.0,0
2010-07-08,NARIÑO,CHACHAGUI,1.39,-77.27,6.82,0,N/A,UNGRD,2.7,3.7,0
2017-10-05,TOLIMA,CHAPARRAL,3.74,-75.59,25.89,0,N/A,UNGRD,20.4,2.1,0
2013-05-28,TOLIMA,LIBANO,4.88,-75.05,9.52,0,N/A,UNGRD,12.0,13.3,0
2016-07-05,RISARALDA,PEREIRA,4.82,-75.7,6.5,0,N/A,UNGRD,0.5,29.3,0
2014-01-20,CUNDINAMARCA,GACHETA,4.87,-73.62,9.11,0,N/A,UNGRD,1.6,1.2,0
2011-06-07,ANTIOQUIA,DABEIBA,7.05,-76.38,2.39,0,N/A,UNGRD,9.1,3.0,0
2012-02-09,NARIÑO,LA UNION (N),1.62,-77.14,6.73,0,N/A,UNGRD,19.7,0.0,0
2010-06-18,CALDAS,PENSILVANIA,5.39,-75.11,0.76,0,N/A,UNGRD,1.6,11.0,0
2013-11-23,NARIÑO,IPIALES,0.5,-77.24,22.45,0,N/A,UNGRD,1.6,2.1,0
2010-05-15,SANTANDER,BARICHARA,6.65,-73.21,6.62,0,N/A,UNGRD,0.1,3.7,0
2010-05-19,BOYACA,OTANCHE,5.75,-74.2,12.3,0,N/A,DESINVENTAR,5.5,9.0,0
